Processor,Brand,Ram_GB,Rom_GB,Battery_Capacity,Display_Quality,Android,Version,Price
MediaTek,vivo,12,256,6500,AMOLED,1,15,54999
Snapdragon,vivo,8,128,7300,AMOLED,1,15,21950
MediaTek,vivo,6,128,6500,LCD,1,15,13999
Samsung,Samsung,8,128,4700,AMOLED,1,14,37948
Samsung,Samsung,6,128,5000,AMOLED,1,15,17499
MediaTek,vivo,8,128,5500,AMOLED,1,15,24999
MediaTek,vivo,8,256,5500,AMOLED,1,15,38989
Snapdragon,vivo,8,128,6000,AMOLED,1,15,34999
Samsung,Samsung,8,128,5000,AMOLED,1,14,20160
Samsung,Samsung,8,128,5000,AMOLED,1,15,38999
Snapdragon,Samsung,12,256,3900,AMOLED,1,15,109999
Snapdragon,Samsung,8,128,5000,AMOLED,1,14,15873
Snapdragon,vivo,8,128,5500,AMOLED,1,14,34999
MediaTek,vivo,8,128,5000,AMOLED,1,14,17499
Snapdragon,Samsung,12,256,4400,AMOLED,1,16,174999
Snapdragon,Samsung,8,128,3900,AMOLED,1,13,48999
MediaTek,Samsung,4,128,5000,AMOLED,1,14,11999
Snapdragon,vivo,8,128,5000,AMOLED,1,14,28900
Snapdragon,Samsung,12,256,5000,AMOLED,1,13,78830
MediaTek,Samsung,6,128,6000,AMOLED,1,11,6000
MediaTek,Samsung,6,128,5000,LCD,1,15,9240
Snapdragon,vivo,4,128,6000,LCD,1,14,12499
Samsung,Samsung,8,128,4500,AMOLED,1,13,37433
Snapdragon,vivo,16,512,6000,AMOLED,1,15,149999
MediaTek,Samsung,4,128,6000,AMOLED,1,14,11790
MediaTek,Infinix,8,256,5000,AMOLED,1,14,18999
MediaTek,Samsung,4,64,5000,LCD,1,15,10499
MediaTek,Samsung,4,64,5000,LCD,1,14,6499
Snapdragon,Samsung,12,256,5000,AMOLED,1,12,62990
MediaTek,Infinix,4,128,5000,LCD,1,14,12999
Snapdragon,Samsung,12,256,4900,AMOLED,1,15,99999
Samsung,Samsung,8,128,4500,AMOLED,1,12,34999
Snapdragon,Samsung,8,128,5000,AMOLED,1,14,20990
MediaTek,vivo,8,256,6000,LCD,1,15,12999
MediaTek,vivo,8,256,5000,AMOLED,1,14,34990
MediaTek,vivo,12,256,5000,AMOLED,1,14,51790
Snapdragon,vivo,8,128,5500,AMOLED,1,14,25999
Snapdragon,vivo,8,128,4800,AMOLED,1,13,20499
Snapdragon,Samsung,12,256,4400,AMOLED,1,14,129299
MediaTek,Infinix,8,256,5000,AMOLED,1,14,15999
Snapdragon,vivo,8,256,7300,AMOLED,1,15,23766
MediaTek,Infinix,6,128,5200,LCD,1,15,10499
MediaTek,vivo,8,256,5500,AMOLED,1,15,26999
Samsung,Samsung,4,64,5000,LCD,1,13,11999
Samsung,Samsung,8,128,5000,AMOLED,1,13,25999
Snapdragon,vivo,8,128,4600,AMOLED,1,13,32999
MediaTek,Samsung,8,128,5000,AMOLED,1,14,17990
MediaTek,Infinix,12,256,5000,AMOLED,1,14,25999
Snapdragon,Samsung,8,128,3700,AMOLED,1,12,72999
MediaTek,Samsung,4,64,5000,LCD,1,14,6499
Snapdragon,vivo,8,128,5000,AMOLED,1,13,25899
Snapdragon,Samsung,8,128,5000,AMOLED,1,12,41999
MediaTek,vivo,16,512,5400,AMOLED,1,14,59999
Samsung,Samsung,12,256,4300,AMOLED,1,16,109999
Samsung,Samsung,8,256,4500,AMOLED,1,12,22464
Samsung,Samsung,8,256,6000,AMOLED,1,13,31999
MediaTek,vivo,8,128,4600,AMOLED,1,13,32899
Samsung,Samsung,6,128,6000,AMOLED,1,13,15999
MediaTek,vivo,8,256,6500,LCD,1,15,17793
MediaTek,vivo,8,256,4600,AMOLED,1,13,39999
MediaTek,Infinix,8,256,5000,AMOLED,1,13,20990
MediaTek,vivo,4,128,5000,LCD,1,14,10499
MediaTek,Infinix,8,256,5000,LCD,1,14,19999
MediaTek,Infinix,8,256,5500,AMOLED,1,15,17999
Snapdragon,vivo,8,128,5000,AMOLED,1,14,23999
Snapdragon,vivo,6,128,5000,AMOLED,1,14,19999
MediaTek,Infinix,3,64,5000,LCD,1,14,6499
Samsung,Samsung,6,128,5000,AMOLED,1,12,29500
Snapdragon,Samsung,12,256,4000,AMOLED,1,14,70999
Samsung,Samsung,8,128,6000,AMOLED,1,14,15499
MediaTek,vivo,4,128,5000,LCD,1,13,11999
MediaTek,Samsung,4,128,6000,AMOLED,1,14,13999
Snapdragon,vivo,8,128,5000,AMOLED,1,14,20490
Snapdragon,Samsung,8,128,4500,AMOLED,1,12,42790
Samsung,Samsung,4,128,6000,LCD,1,11,5000
Samsung,Samsung,4,128,6000,LCD,1,13,8999
Snapdragon,Samsung,8,256,5000,AMOLED,1,14,19998
MediaTek,Samsung,6,128,5000,LCD,1,15,10999
MediaTek,vivo,12,512,5500,AMOLED,1,15,41999
MediaTek,Samsung,4,64,5000,LCD,1,14,9999
MediaTek,vivo,8,128,6500,LCD,1,15,14999
MediaTek,vivo,4,128,5000,LCD,1,13,12599
Samsung,Samsung,8,256,5000,AMOLED,1,15,25728
MediaTek,Infinix,8,512,4720,AMOLED,1,14,44999
MediaTek,vivo,8,128,4830,AMOLED,1,12,25999
Samsung,Samsung,8,256,4700,AMOLED,1,14,45999
Snapdragon,vivo,6,128,4700,AMOLED,1,12,15084
Snapdragon,vivo,12,512,6000,AMOLED,1,15,40999
Samsung,Samsung,8,128,5000,AMOLED,1,14,18780
MediaTek,Infinix,8,128,5000,LCD,1,11,12999
MediaTek,vivo,8,256,4810,AMOLED,1,13,53999
Snapdragon,Samsung,4,128,5000,LCD,1,12,14990
Snapdragon,vivo,8,128,6000,LCD,1,14,17499
Snapdragon,vivo,6,128,4500,AMOLED,1,13,15999
Snapdragon,vivo,12,256,7300,AMOLED,1,15,26690
MediaTek,vivo,8,256,5500,AMOLED,1,14,29999
Snapdragon,Samsung,8,256,4700,AMOLED,1,13,94999
MediaTek,vivo,4,64,5000,LCD,1,14,9999
Samsung,Samsung,8,256,5000,AMOLED,1,14,23754
Samsung,Samsung,8,256,6000,AMOLED,1,14,18499
Snapdragon,Samsung,12,128,4000,AMOLED,1,15,74999
MediaTek,Samsung,6,128,5000,AMOLED,1,15,12999
MediaTek,vivo,12,256,5500,AMOLED,1,15,40999
MediaTek,Infinix,12,256,5500,AMOLED,1,15,26999
Snapdragon,Samsung,6,128,5000,LCD,1,13,16890
Samsung,Samsung,8,256,5000,AMOLED,1,14,28999
Snapdragon,vivo,12,256,4700,AMOLED,1,12,59999
MediaTek,Samsung,8,128,5000,AMOLED,1,14,16499
MediaTek,vivo,8,128,4000,AMOLED,1,11,19999
MediaTek,Samsung,6,128,6000,AMOLED,1,14,13999
Samsung,Samsung,8,256,5000,AMOLED,1,15,41999
Samsung,Samsung,4,128,6000,LCD,1,13,11990
MediaTek,Samsung,6,128,5000,AMOLED,1,14,15999
MediaTek,vivo,6,128,6000,LCD,1,15,11459
Snapdragon,Samsung,6,128,5000,AMOLED,1,11,23749
Snapdragon,Samsung,12,512,5000,AMOLED,1,15,129999
MediaTek,Infinix,6,128,5500,AMOLED,1,15,14999
MediaTek,vivo,8,128,4500,AMOLED,1,12,22990
MediaTek,Infinix,12,256,4600,AMOLED,1,14,22999
Snapdragon,Galaxy,12,256,4400,AMOLED,1,13,102222
MediaTek,vivo,12,256,4870,AMOLED,1,13,59980
MediaTek,vivo,4,64,5000,LCD,1,14,14890
Samsung,Samsung,8,128,4000,AMOLED,1,14,43481
MediaTek,Samsung,4,64,6000,AMOLED,1,11,9149
MediaTek,Samsung,8,128,5000,AMOLED,1,14,13499
MediaTek,Infinix,4,128,5000,LCD,1,13,14999
Samsung,Samsung,6,128,5000,AMOLED,1,15,20950
Snapdragon,Samsung,6,128,4500,AMOLED,1,11,30999
MediaTek,vivo,8,128,4500,AMOLED,1,13,17990
MediaTek,vivo,8,128,4500,AMOLED,1,12,42990
Snapdragon,Samsung,8,256,5000,AMOLED,1,15,30999
Snapdragon,vivo,8,256,6000,AMOLED,1,15,36999
Snapdragon,vivo,8,256,5500,AMOLED,1,14,24999
Snapdragon,Samsung,12,512,5000,AMOLED,1,14,119999
Snapdragon,Samsung,12,256,4400,AMOLED,1,12,154999
Samsung,Samsung,8,256,5000,AMOLED,1,15,30999
Snapdragon,Samsung,8,256,4500,AMOLED,1,13,33999
MediaTek,vivo,12,256,5500,AMOLED,1,14,31999
MediaTek,vivo,8,128,4300,AMOLED,1,12,28995
MediaTek,vivo,16,512,6500,AMOLED,1,15,59999
Samsung,Samsung,8,256,5000,AMOLED,1,15,30999
Snapdragon,Samsung,8,128,3300,AMOLED,1,11,44444
Snapdragon,Samsung,8,256,5000,AMOLED,1,14,19980
MediaTek,vivo,8,256,5600,AMOLED,1,15,30999
Samsung,Samsung,12,256,5000,AMOLED,1,14,33999
MediaTek,Samsung,4,64,5000,LCD,1,13,8988
MediaTek,Samsung,4,64,6000,AMOLED,1,11,13399
Snapdragon,Samsung,8,256,4500,AMOLED,1,12,34000
Samsung,Samsung,8,128,5000,AMOLED,1,15,18999
MediaTek,vivo,12,512,5500,AMOLED,1,14,46990
MediaTek,vivo,4,128,5000,LCD,1,14,12999
Samsung,Samsung,8,128,5000,AMOLED,1,15,16499
Snapdragon,vivo,4,128,5000,AMOLED,1,12,13290
MediaTek,vivo,6,128,5500,LCD,1,14,14449
Snapdragon,vivo,8,128,4500,AMOLED,1,13,14999
Snapdragon,vivo,8,256,6500,LCD,1,15,18999
Snapdragon,Samsung,12,1,5000,AMOLED,1,15,153999
MediaTek,Infinix,8,128,5500,LCD,1,15,12010
Samsung,Samsung,6,128,6000,AMOLED,1,13,19999
Samsung,Samsung,8,256,4000,AMOLED,1,16,89999
MediaTek,Samsung,6,128,5000,AMOLED,1,14,12405
Samsung,Samsung,12,256,5000,AMOLED,1,15,44999
Snapdragon,Galaxy,8,256,3700,AMOLED,1,13,64999
MediaTek,Samsung,8,256,5000,AMOLED,1,14,20499
Snapdragon,Samsung,12,256,5000,AMOLED,1,14,25990
Snapdragon,Samsung,12,512,4400,AMOLED,1,16,174999
Samsung,Samsung,8,256,5000,AMOLED,1,15,21999
MediaTek,Infinix,12,256,5000,AMOLED,1,13,17770
MediaTek,Samsung,6,128,4050,LCD,1,14,27208
Snapdragon,Samsung,12,256,5000,AMOLED,1,15,36999
MediaTek,Samsung,6,128,5000,LCD,1,11,18999
MediaTek,Samsung,6,128,5000,LCD,1,15,10999
MediaTek,Infinix,4,64,5000,LCD,1,13,7299
Snapdragon,Samsung,12,256,5000,AMOLED,1,14,26999
MediaTek,Samsung,4,64,5000,LCD,1,10,12649
Samsung,Samsung,4,64,5000,LCD,1,12,10999
MediaTek,vivo,8,128,5000,AMOLED,1,12,19980
Snapdragon,Samsung,8,128,3700,AMOLED,1,12,89999
MediaTek,Samsung,6,128,5000,LCD,1,15,12999
Snapdragon,Samsung,6,128,5000,LCD,1,13,14990
MediaTek,Infinix,12,256,5000,LCD,1,14,13999
Samsung,Samsung,4,64,6000,LCD,1,11,9449
MediaTek,vivo,4,64,5000,LCD,1,12,11999
Snapdragon,Samsung,4,64,5000,LCD,1,13,8999
MediaTek,Infinix,8,128,5000,LCD,1,14,10489
Snapdragon,Samsung,12,512,3900,AMOLED,1,15,121999
MediaTek,vivo,8,256,5500,AMOLED,1,14,28999
MediaTek,vivo,4,128,5500,LCD,1,15,11499
Snapdragon,Samsung,12,512,4000,AMOLED,1,15,92999
MediaTek,Samsung,6,128,6000,AMOLED,1,11,15399
Samsung,Samsung,8,256,5000,AMOLED,1,13,28905
Snapdragon,vivo,8,128,5000,LCD,1,12,13980
Snapdragon,Samsung,12,512,4400,AMOLED,1,14,176999
Snapdragon,Samsung,12,256,4400,AMOLED,1,11,149999
MediaTek,vivo,6,128,5000,LCD,1,13,11994
Samsung,Samsung,8,256,5000,AMOLED,1,14,20155
MediaTek,Samsung,8,128,6000,AMOLED,1,14,15899
MediaTek,vivo,6,128,5500,LCD,1,15,12099
Snapdragon,Samsung,12,512,5000,AMOLED,1,13,134999
MediaTek,vivo,6,128,5000,LCD,1,14,11499
MediaTek,vivo,16,512,5000,AMOLED,1,14,49999
Snapdragon,vivo,8,128,5000,LCD,1,13,21000
Samsung,Samsung,4,64,6000,LCD,1,11,11499
Snapdragon,vivo,6,128,6000,LCD,1,14,13999
MediaTek,Samsung,6,128,5000,AMOLED,1,11,18149
MediaTek,vivo,16,512,5800,AMOLED,1,15,71999
MediaTek,Infinix,4,128,6000,LCD,1,13,12999
Samsung,Samsung,12,512,4300,AMOLED,1,16,109999
Snapdragon,Samsung,12,1,5000,AMOLED,1,14,159999
MediaTek,vivo,4,64,5000,LCD,1,13,7399
Snapdragon,Samsung,12,512,4900,AMOLED,1,15,111999
MediaTek,Samsung,8,128,5000,AMOLED,1,12,25499
Snapdragon,Samsung,3,32,5000,LCD,1,10,12900
Samsung,Samsung,8,256,4500,AMOLED,1,13,45999
MediaTek,Samsung,8,256,5000,AMOLED,1,13,24999
Snapdragon,vivo,12,256,4600,AMOLED,1,13,27499
Samsung,Samsung,12,512,4900,AMOLED,1,14,109999
Samsung,Samsung,8,128,5000,LCD,1,13,17999
MediaTek,vivo,8,256,5000,AMOLED,1,14,18499
MediaTek,vivo,12,256,4810,AMOLED,1,13,48778
Snapdragon,vivo,8,256,4800,AMOLED,1,13,19970
Snapdragon,vivo,8,256,5000,AMOLED,1,13,26990
MediaTek,Samsung,3,32,5000,LCD,1,12,8999
MediaTek,vivo,12,256,4300,AMOLED,1,12,39900
MediaTek,Samsung,8,256,5000,AMOLED,1,14,22499
Snapdragon,vivo,8,256,5000,AMOLED,1,14,22999
MediaTek,Infinix,8,128,5000,LCD,1,12,10990
MediaTek,vivo,6,128,5000,LCD,1,13,12999
Snapdragon,Samsung,8,256,5000,AMOLED,1,14,22590
MediaTek,vivo,3,32,5000,LCD,1,12,9490
Samsung,Samsung,4,64,6000,LCD,1,12,8999
MediaTek,Samsung,8,128,5000,AMOLED,1,13,23990
Snapdragon,Samsung,12,512,4400,AMOLED,1,12,94990
Snapdragon,vivo,8,256,5000,AMOLED,1,14,32900
MediaTek,vivo,8,128,5500,LCD,1,14,16999
Samsung,Samsung,8,128,5000,AMOLED,1,12,28500
Samsung,Samsung,8,128,5000,AMOLED,1,12,35999
MediaTek,Samsung,6,128,5000,AMOLED,1,14,17999
MediaTek,vivo,6,128,5000,LCD,1,14,13999
Snapdragon,Samsung,12,1,5000,AMOLED,1,13,154999
Snapdragon,Samsung,12,1,5000,AMOLED,1,12,134999
Snapdragon,Samsung,6,128,5000,LCD,1,12,15990
Snapdragon,Samsung,12,512,4400,AMOLED,1,11,84880
MediaTek,Infinix,4,64,5000,AMOLED,1,11,11999
Snapdragon,vivo,4,128,5000,LCD,1,12,12999
MediaTek,vivo,4,128,5000,LCD,1,14,11990
MediaTek,vivo,4,64,5000,LCD,1,12,8849
Snapdragon,Samsung,8,128,5000,LCD,1,13,25499
MediaTek,Samsung,4,64,5000,LCD,1,12,8999
MediaTek,Samsung,4,64,5000,LCD,1,12,12999
MediaTek,Samsung,4,128,5000,LCD,1,15,11499
Snapdragon,Samsung,8,256,3900,AMOLED,1,13,79999
Snapdragon,Samsung,3,32,5000,LCD,1,10,6999
Snapdragon,Samsung,4,128,5000,LCD,1,13,9999
Snapdragon,Samsung,8,512,4700,AMOLED,1,13,104999
Snapdragon,vivo,8,128,5000,AMOLED,1,14,19999
MediaTek,vivo,12,512,5000,AMOLED,1,14,39830
Snapdragon,Samsung,8,256,3700,AMOLED,1,12,63490
Samsung,Samsung,8,128,6000,AMOLED,1,13,21999
MediaTek,Infinix,4,64,6000,LCD,1,12,8489
MediaTek,vivo,4,128,5000,LCD,1,12,9390
Snapdragon,vivo,8,256,4500,AMOLED,1,13,16769
MediaTek,vivo,8,256,5500,LCD,1,14,18999
Samsung,Samsung,6,128,6000,LCD,1,13,14999
Snapdragon,vivo,12,512,5500,AMOLED,1,14,42999
MediaTek,vivo,6,128,5000,LCD,1,12,11970
Snapdragon,vivo,8,256,5500,AMOLED,1,14,38990
Snapdragon,vivo,12,256,5000,AMOLED,1,14,32990
MediaTek,vivo,8,128,5000,LCD,1,13,15500
Samsung,Samsung,4,64,5000,LCD,1,13,9999
MediaTek,Samsung,4,64,5000,LCD,1,12,7850
Snapdragon,Samsung,8,128,5000,AMOLED,1,11,25749
Samsung,Samsung,4,64,5000,LCD,1,12,8899
Samsung,Samsung,8,256,6000,AMOLED,1,13,20999
MediaTek,Infinix,8,128,5000,LCD,1,13,8999
Snapdragon,Galaxy,12,512,4400,AMOLED,1,13,109999
MediaTek,Infinix,4,64,5000,LCD,1,12,7999
Samsung,Samsung,4,64,6000,AMOLED,1,11,11399
Samsung,Samsung,6,128,6000,LCD,1,11,10899
MediaTek,Samsung,2,32,5000,LCD,1,10,7999
MediaTek,Samsung,6,128,6000,AMOLED,1,14,15999
Snapdragon,Samsung,6,128,5000,LCD,1,13,11999
MediaTek,vivo,12,256,4600,AMOLED,1,13,38699
Snapdragon,Samsung,8,256,3300,AMOLED,1,11,84999
Snapdragon,Samsung,12,512,4000,AMOLED,1,14,76997
Samsung,Samsung,8,128,6000,AMOLED,1,13,19999
MediaTek,Samsung,2,32,5000,LCD,1,9,8999
Snapdragon,Samsung,8,128,5000,LCD,1,12,17899
MediaTek,vivo,12,256,4500,AMOLED,1,12,28499
MediaTek,vivo,3,64,5000,LCD,1,12,10999
MediaTek,Samsung,6,128,5000,LCD,1,11,14990
MediaTek,Samsung,8,128,5000,LCD,1,11,21999
MediaTek,Samsung,6,128,5000,LCD,1,13,10990
Samsung,Samsung,8,128,6000,LCD,1,12,24999
Snapdragon,Galaxy,8,512,3700,AMOLED,1,13,67900
MediaTek,Samsung,4,64,5000,LCD,1,12,7999
MediaTek,Infinix,4,64,5000,AMOLED,1,12,8890
MediaTek,Infinix,6,128,5000,AMOLED,1,11,14499
MediaTek,vivo,4,128,5000,LCD,1,12,13499
Snapdragon,vivo,8,128,4700,AMOLED,1,12,21999
MediaTek,Samsung,8,128,5000,LCD,1,11,21999
Snapdragon,Samsung,8,128,4500,AMOLED,1,11,32499
MediaTek,Samsung,3,64,5000,LCD,1,12,7499
Samsung,Samsung,8,512,4000,AMOLED,1,14,82999
MediaTek,vivo,12,256,4830,AMOLED,1,12,37499
Snapdragon,vivo,6,128,5000,AMOLED,1,12,14300
Snapdragon,vivo,8,128,4500,AMOLED,1,13,17999
MediaTek,Samsung,8,128,5000,LCD,1,11,20999
Samsung,Samsung,4,128,5000,LCD,1,13,13999
Samsung,Samsung,4,128,5000,LCD,1,12,10150
MediaTek,Samsung,3,32,5000,LCD,1,9,7999
MediaTek,Infinix,8,128,5000,AMOLED,1,12,14999
MediaTek,Infinix,4,64,5000,AMOLED,1,11,12499
MediaTek,Infinix,4,64,5000,LCD,1,11,9999
MediaTek,Samsung,6,128,5000,LCD,1,12,13999
MediaTek,Samsung,4,128,5000,LCD,1,12,9999
MediaTek,Infinix,6,128,5000,AMOLED,1,11,12999
MediaTek,Infinix,4,128,5000,LCD,1,11,11999
MediaTek,Infinix,4,64,5000,LCD,1,11,10999
Samsung,Samsung,4,128,5000,LCD,1,13,13999
MediaTek,Samsung,4,128,5000,LCD,1,10,12649
MediaTek,Samsung,4,128,5000,LCD,1,14,10999
MediaTek,Samsung,4,128,5000,LCD,1,12,8949
MediaTek,Samsung,4,128,5000,LCD,1,12,9999
MediaTek,Samsung,4,64,5000,LCD,1,11,14000
MediaTek,vivo,8,128,5500,AMOLED,1,14,27990
MediaTek,Infinix,8,256,5000,AMOLED,1,14,24999
Snapdragon,Samsung,8,128,4500,AMOLED,1,11,26899
MediaTek,vivo,8,128,4600,AMOLED,1,13,19999
MediaTek,Samsung,6,128,5000,AMOLED,1,13,20799
Samsung,Samsung,12,128,5000,AMOLED,1,10,99990
Samsung,Samsung,12,256,4500,AMOLED,1,10,99900
Samsung,Samsung,12,256,5000,AMOLED,1,11,128999
Samsung,Samsung,8,128,3400,AMOLED,1,9,49999
Snapdragon,vivo,16,512,5700,AMOLED,1,14,159999
Snapdragon,vivo,4,64,5000,LCD,1,10,16990
Samsung,Samsung,6,128,5000,AMOLED,1,12,16999
Samsung,Samsung,8,128,7000,AMOLED,1,11,13999
MediaTek,vivo,8,128,4600,AMOLED,1,13,30899
MediaTek,vivo,8,128,4200,AMOLED,1,12,29900
Samsung,Samsung,6,64,5000,AMOLED,1,10,14925
MediaTek,Infinix,8,256,5000,AMOLED,1,13,20999
Snapdragon,Samsung,6,128,7000,AMOLED,1,10,21649
Samsung,Samsung,6,128,7000,AMOLED,1,11,23999
MediaTek,vivo,8,128,4450,AMOLED,1,11,41230
Snapdragon,vivo,8,128,4000,AMOLED,1,11,27990
Samsung,Samsung,6,128,4000,AMOLED,1,10,25999
MediaTek,Samsung,6,128,5000,AMOLED,1,12,17934
Snapdragon,vivo,4,128,5000,LCD,1,12,15990
Samsung,Samsung,8,128,4800,AMOLED,1,11,63999
Snapdragon,vivo,8,128,5000,AMOLED,1,12,7500
Snapdragon,vivo,8,128,4300,AMOLED,1,11,34990
Samsung,Samsung,4,64,5000,AMOLED,1,9,15899
MediaTek,vivo,4,64,5000,LCD,1,11,10399
Snapdragon,Samsung,8,128,4500,AMOLED,1,11,26439
Snapdragon,Samsung,6,128,4500,AMOLED,1,11,22330
Samsung,Samsung,6,128,6000,LCD,1,12,14990
Samsung,Samsung,8,128,4500,AMOLED,1,10,83000
Snapdragon,Samsung,8,128,4500,AMOLED,1,10,39999
Samsung,Samsung,8,128,4500,AMOLED,1,10,25493
MediaTek,Infinix,12,512,5000,AMOLED,1,14,28999
MediaTek,vivo,4,128,5000,AMOLED,1,9,19990
Samsung,Samsung,4,64,5000,AMOLED,1,10,12999
Snapdragon,Samsung,6,128,5000,LCD,1,12,13765
Samsung,Samsung,8,128,4000,AMOLED,1,16,89999
Snapdragon,Samsung,8,128,4500,AMOLED,1,10,29499
MediaTek,vivo,8,128,4050,AMOLED,1,12,21777
Snapdragon,vivo,12,256,4200,AMOLED,1,11,54990
Samsung,Samsung,6,128,6000,AMOLED,1,10,9499
MediaTek,Infinix,8,256,4500,AMOLED,1,12,36999
Samsung,Samsung,4,64,5000,AMOLED,1,8,62500
Snapdragon,vivo,8,128,5000,AMOLED,1,9,20990
Samsung,Samsung,8,256,4300,AMOLED,1,10,86000
Snapdragon,Samsung,8,128,5000,AMOLED,1,11,34999
Samsung,Samsung,4,64,5000,LCD,1,10,13990
Snapdragon,vivo,8,128,5000,AMOLED,1,10,30990
Samsung,Samsung,6,64,5000,AMOLED,1,8,70000
MediaTek,vivo,8,128,4000,AMOLED,1,11,20831
Snapdragon,vivo,12,256,4500,AMOLED,1,11,53980
MediaTek,vivo,3,32,5000,LCD,1,12,9850
Snapdragon,Samsung,16,1,4400,AMOLED,1,16,216999
Samsung,Samsung,4,64,5000,AMOLED,1,9,18900
Snapdragon,vivo,8,128,4000,AMOLED,1,10,27980
Snapdragon,vivo,4,64,5000,LCD,1,9,15990
Snapdragon,vivo,8,128,5000,AMOLED,1,9,27990
MediaTek,vivo,8,128,5000,AMOLED,1,11,17490
Snapdragon,vivo,8,256,4315,AMOLED,1,10,54990
MediaTek,Samsung,6,128,5000,AMOLED,1,10,16380
Samsung,Samsung,4,128,5000,AMOLED,1,9,21070
MediaTek,vivo,4,64,5000,LCD,1,9,14500
MediaTek,Infinix,8,256,5000,LCD,1,12,19999
Samsung,Samsung,2,16,5000,AMOLED,1,5,8999
MediaTek,vivo,4,32,5000,LCD,1,9,14990
Snapdragon,vivo,8,128,5000,LCD,1,10,19990
Samsung,Samsung,6,64,6000,AMOLED,1,10,12999
Snapdragon,vivo,6,128,5000,AMOLED,1,9,32990
Samsung,Samsung,6,64,5000,AMOLED,1,7,74000
MediaTek,vivo,4,128,5000,LCD,1,9,17990
Snapdragon,Samsung,4,64,5000,AMOLED,1,8,15999
Snapdragon,vivo,12,256,4200,AMOLED,1,11,64690
MediaTek,Samsung,6,128,5000,AMOLED,1,11,21999
Snapdragon,vivo,8,128,5000,AMOLED,1,10,18750
MediaTek,vivo,6,64,5000,LCD,1,9,26990
MediaTek,vivo,4,64,5000,LCD,1,13,9499
Samsung,Samsung,4,128,5000,AMOLED,1,9,13990
MediaTek,vivo,8,128,5000,LCD,1,11,13431
MediaTek,vivo,4,128,5000,LCD,1,10,18990
Snapdragon,vivo,6,64,5000,AMOLED,1,9,19990
Samsung,Samsung,6,128,5000,LCD,1,13,11999
MediaTek,vivo,3,32,5000,LCD,1,8,8689
Samsung,Samsung,1,8,5000,AMOLED,1,5,6374
MediaTek,Samsung,8,128,6000,AMOLED,1,14,14499
MediaTek,Samsung,1,16,5000,LCD,1,10,4999
Snapdragon,vivo,3,32,5000,LCD,1,9,9990
Snapdragon,Samsung,6,128,5000,AMOLED,1,9,30900
MediaTek,vivo,6,128,5000,LCD,1,11,17999
MediaTek,vivo,8,128,5000,LCD,1,11,16140
Snapdragon,vivo,8,128,5000,AMOLED,1,9,27990
MediaTek,vivo,2,16,5000,LCD,1,8,8990
Snapdragon,Samsung,6,128,5000,LCD,1,9,14999
Snapdragon,vivo,8,128,5000,LCD,1,11,18449
Snapdragon,vivo,8,128,5000,LCD,1,11,21990
Samsung,Samsung,4,64,5000,AMOLED,1,7,49990
MediaTek,Infinix,8,128,5000,AMOLED,1,12,18999
Snapdragon,vivo,4,64,5000,LCD,1,12,11999
Snapdragon,vivo,4,64,5000,LCD,1,7,22221
Snapdragon,Samsung,3,32,5000,LCD,1,10,9176
Snapdragon,vivo,6,128,5000,LCD,1,11,20490
MediaTek,vivo,3,32,5000,LCD,1,10,10068
Snapdragon,vivo,3,32,5000,LCD,1,11,10990
Snapdragon,Samsung,12,256,4500,AMOLED,1,10,109999
MediaTek,Samsung,6,128,5000,LCD,1,11,13990
Snapdragon,Samsung,8,128,7000,AMOLED,1,10,26999
Samsung,Samsung,4,64,5000,AMOLED,1,7,53990
MediaTek,Infinix,12,256,5000,AMOLED,1,14,26999
MediaTek,vivo,4,64,5000,LCD,1,14,7149
MediaTek,vivo,8,256,4600,AMOLED,1,13,23999
Snapdragon,vivo,8,128,5000,LCD,1,11,21990
Snapdragon,vivo,4,64,5000,LCD,1,8,23990
MediaTek,Infinix,4,128,6000,LCD,1,13,7799
Snapdragon,vivo,8,128,4200,AMOLED,1,10,28330
Snapdragon,vivo,8,128,5000,LCD,1,11,15999
Samsung,Samsung,4,64,5000,AMOLED,1,8,22300
Samsung,Samsung,6,128,5000,AMOLED,1,10,16499
MediaTek,Infinix,4,64,5000,LCD,1,11,10999
MediaTek,vivo,3,64,5000,LCD,1,9,13990
Samsung,Samsung,4,32,5000,AMOLED,1,6,46000
Snapdragon,Samsung,3,32,5000,LCD,1,9,11999
MediaTek,Samsung,4,32,5000,LCD,1,7,12999
MediaTek,Infinix,6,128,5000,LCD,1,10,13999
Snapdragon,vivo,4,64,5000,LCD,1,8,11890
MediaTek,vivo,6,64,5000,LCD,1,8,24990
MediaTek,vivo,4,64,5000,LCD,1,12,10900
MediaTek,vivo,8,256,4450,AMOLED,1,11,31990
MediaTek,vivo,4,128,5000,LCD,1,14,7759
MediaTek,vivo,2,16,5000,LCD,1,8,7990
Snapdragon,Samsung,8,128,5000,AMOLED,1,9,52000
MediaTek,Samsung,3,32,5000,LCD,1,11,6490
MediaTek,Infinix,6,64,5000,AMOLED,1,12,15999
MediaTek,vivo,4,64,5000,LCD,1,11,12625
MediaTek,vivo,4,32,5000,LCD,1,8,9990
Snapdragon,vivo,4,128,5000,LCD,1,11,13480
Snapdragon,vivo,8,256,5500,AMOLED,1,14,25480
Snapdragon,Samsung,12,512,5000,AMOLED,1,12,84753
MediaTek,Infinix,4,64,5000,LCD,1,9,9999
MediaTek,Infinix,4,64,5000,LCD,1,10,9599
Samsung,Samsung,3,32,5000,LCD,1,6,12999
Snapdragon,Samsung,6,128,5000,AMOLED,1,9,31000
MediaTek,vivo,8,128,5000,LCD,1,13,14999
MediaTek,vivo,8,128,5000,LCD,1,11,15490
MediaTek,vivo,4,128,5000,LCD,1,11,13890
MediaTek,vivo,8,128,5000,LCD,1,14,17999
Samsung,Samsung,6,128,6000,AMOLED,1,10,14499
Samsung,Samsung,3,32,5000,AMOLED,1,8,11500
MediaTek,Samsung,2,32,5000,LCD,1,10,6117
Samsung,Samsung,8,256,5000,AMOLED,1,12,25999
MediaTek,Infinix,4,64,5000,LCD,1,10,14999
MediaTek,Infinix,4,64,5000,LCD,1,12,13208
MediaTek,Infinix,8,128,5000,LCD,1,12,17999
MediaTek,vivo,2,32,5000,LCD,1,11,7999
MediaTek,vivo,12,256,4600,AMOLED,1,13,35999
MediaTek,vivo,12,256,4500,AMOLED,1,12,39999
Snapdragon,vivo,3,32,5000,LCD,1,9,10990
Snapdragon,vivo,2,16,5000,LCD,1,8,9990
Snapdragon,vivo,8,256,4000,AMOLED,1,11,28990
Samsung,Samsung,2,32,5000,LCD,1,9,8700
Snapdragon,Samsung,4,64,5000,LCD,1,8,12999
Snapdragon,Samsung,8,256,3700,AMOLED,1,12,45999
Snapdragon,Samsung,2,8,5000,LCD,1,5,5999
Samsung,Samsung,3,32,5000,AMOLED,1,4,43092
MediaTek,Infinix,8,256,5000,LCD,1,13,15999
MediaTek,Infinix,8,128,6000,LCD,1,13,11999
MediaTek,Infinix,6,64,5000,LCD,1,11,13999
MediaTek,Infinix,4,64,5000,LCD,1,9,8999
MediaTek,vivo,2,32,5000,LCD,1,11,9490
Snapdragon,vivo,8,128,5000,LCD,1,12,19990
Samsung,Samsung,8,128,6000,AMOLED,1,10,20999
Samsung,Samsung,8,512,3400,AMOLED,1,9,92000
Samsung,Samsung,1,8,5000,LCD,1,8,6299
Snapdragon,Samsung,4,64,5000,LCD,1,10,10190
Snapdragon,Samsung,8,128,5000,AMOLED,1,9,30500
MediaTek,Infinix,4,64,5000,LCD,1,10,10499
MediaTek,Infinix,4,64,6000,LCD,1,11,9999
MediaTek,Infinix,2,32,5000,LCD,1,10,6499
MediaTek,Infinix,6,128,5000,LCD,1,12,15321
MediaTek,Infinix,3,32,5000,LCD,1,10,9999
MediaTek,Infinix,4,64,5000,LCD,1,10,11999
Snapdragon,vivo,8,256,5000,AMOLED,1,11,30989
Snapdragon,vivo,8,256,5000,AMOLED,1,10,26990
MediaTek,vivo,4,128,5000,LCD,1,13,15999
Snapdragon,vivo,8,128,5000,AMOLED,1,9,34990
Snapdragon,vivo,8,128,5000,AMOLED,1,11,24990
Snapdragon,vivo,8,128,6000,LCD,1,14,15499
Snapdragon,vivo,4,128,5000,AMOLED,1,9,15990
Snapdragon,vivo,2,16,5000,LCD,1,6,9990
MediaTek,vivo,6,128,5000,LCD,1,13,12850
Samsung,Samsung,1,16,5000,LCD,1,8,6599
Samsung,Samsung,6,64,5000,AMOLED,1,9,24000
Snapdragon,Samsung,2,32,5000,LCD,1,8,9000
Snapdragon,Samsung,8,128,5000,AMOLED,1,11,21999
Samsung,Samsung,4,64,5000,AMOLED,1,8,17999
Snapdragon,Samsung,8,256,5000,AMOLED,1,12,41300
MediaTek,Infinix,3,32,5000,LCD,1,10,8299
MediaTek,Infinix,8,128,4500,LCD,1,10,18999
MediaTek,Infinix,3,32,5000,LCD,1,9,9999
MediaTek,Infinix,3,32,5000,LCD,1,8,6949
MediaTek,Infinix,4,64,5000,AMOLED,1,12,10999
MediaTek,Infinix,4,64,6000,LCD,1,11,9999
MediaTek,Infinix,2,32,5000,LCD,1,9,7999
Snapdragon,Infinix,3,32,5000,LCD,1,8,10999
MediaTek,Infinix,8,256,5000,AMOLED,1,12,16999
MediaTek,Infinix,4,64,5000,LCD,1,10,9499
MediaTek,Infinix,3,64,5000,LCD,1,12,8299
MediaTek,Infinix,4,64,5000,LCD,1,8,16999
Snapdragon,vivo,3,64,5000,LCD,1,10,11674
Snapdragon,vivo,3,64,5000,LCD,1,10,8990
MediaTek,vivo,4,64,5000,LCD,1,8,16990
MediaTek,vivo,3,32,5000,LCD,1,12,9189
Snapdragon,vivo,3,32,5000,LCD,1,8,10990
Snapdragon,vivo,6,128,5000,LCD,1,12,14999
Snapdragon,vivo,6,128,5000,LCD,1,11,19989
Snapdragon,vivo,12,256,4300,AMOLED,1,11,46990
Snapdragon,vivo,6,64,5000,LCD,1,10,17990
MediaTek,vivo,2,32,5000,LCD,1,10,9990
MediaTek,vivo,12,256,4450,AMOLED,1,11,32899
MediaTek,vivo,3,32,5000,LCD,1,10,9490
MediaTek,vivo,2,32,5000,LCD,1,8,9990
Snapdragon,vivo,6,128,5000,AMOLED,1,8,36990
MediaTek,Samsung,4,64,6000,AMOLED,1,12,10999
Samsung,Samsung,4,128,6000,LCD,1,12,10499
Snapdragon,Samsung,6,128,5000,AMOLED,1,11,21450
Snapdragon,Galaxy,12,1,4400,AMOLED,1,13,189999
Samsung,Samsung,4,128,5000,LCD,1,12,13949
Snapdragon,Samsung,2,16,5000,AMOLED,1,7,8200
Samsung,Samsung,6,64,5000,LCD,1,10,10990
Snapdragon,Samsung,3,32,5000,LCD,1,10,7898
MediaTek,Infinix,2,32,5000,LCD,1,11,6999
MediaTek,Infinix,6,64,6000,LCD,1,11,10999
MediaTek,Infinix,4,64,5000,LCD,1,10,11999
MediaTek,Infinix,8,128,5000,LCD,1,11,15999
MediaTek,Infinix,2,32,5000,LCD,1,11,7199
MediaTek,Infinix,8,256,5000,LCD,1,11,16999
MediaTek,Infinix,2,32,5000,LCD,1,10,8999
MediaTek,Infinix,4,64,5000,LCD,1,9,9999
MediaTek,Infinix,4,64,5000,LCD,1,9,10999
MediaTek,Infinix,8,128,4500,AMOLED,1,12,17999
MediaTek,Infinix,2,64,5000,LCD,1,11,7499
MediaTek,Infinix,6,128,5000,LCD,1,11,12499
MediaTek,Infinix,4,64,5000,LCD,1,9,10999
MediaTek,Infinix,4,64,5000,LCD,1,8,12999
MediaTek,Infinix,2,16,5000,LCD,1,8,6999
MediaTek,Infinix,2,32,5000,LCD,1,10,7499
MediaTek,Infinix,3,32,5000,LCD,1,7,7499
MediaTek,Infinix,3,16,5000,LCD,1,6,7499
MediaTek,vivo,6,128,5000,LCD,1,10,18990
Snapdragon,vivo,4,32,5000,LCD,1,8,19990
MediaTek,vivo,12,256,4200,AMOLED,1,12,28990
MediaTek,vivo,4,64,5000,LCD,1,11,13990
Snapdragon,vivo,3,64,5000,LCD,1,11,9999
Snapdragon,vivo,6,128,5000,LCD,1,9,20990
MediaTek,vivo,8,256,4000,AMOLED,1,11,23745
Snapdragon,vivo,8,256,4200,AMOLED,1,10,34990
Snapdragon,vivo,8,128,5000,AMOLED,1,9,24990
MediaTek,vivo,3,64,5000,LCD,1,8,14990
MediaTek,vivo,3,64,5000,LCD,1,12,8899
MediaTek,vivo,3,32,5000,LCD,1,11,9137
MediaTek,Samsung,6,128,5000,LCD,1,10,12998
MediaTek,Samsung,4,32,5000,LCD,1,7,19900
MediaTek,Samsung,8,128,5000,AMOLED,1,11,20989
MediaTek,Samsung,3,32,5000,LCD,1,10,7999
Samsung,Samsung,6,128,5000,LCD,1,10,14990
Samsung,Samsung,8,128,4000,AMOLED,1,10,22499
Samsung,Samsung,8,128,5000,AMOLED,1,10,18325
MediaTek,Samsung,3,32,5000,LCD,1,9,11000
Samsung,Samsung,1,16,5000,LCD,1,9,5900
Samsung,Samsung,4,64,5000,AMOLED,1,8,9999
Snapdragon,Samsung,4,64,5000,LCD,1,10,10788
Samsung,Samsung,6,128,5000,LCD,1,12,10999
Samsung,Samsung,6,128,5000,LCD,1,11,10999
Samsung,Samsung,4,64,5000,LCD,1,11,11970
Samsung,Samsung,6,128,5000,AMOLED,1,10,17499
Samsung,Samsung,6,128,5000,AMOLED,1,10,16590
Snapdragon,Infinix,3,32,5000,LCD,1,8,9999
MediaTek,Infinix,3,32,5000,LCD,1,8,6549
MediaTek,Infinix,6,64,5000,LCD,1,7,17999
Snapdragon,vivo,4,64,5000,LCD,1,9,13990
MediaTek,vivo,3,32,5000,LCD,1,7,14990
Snapdragon,vivo,6,128,5000,LCD,1,12,16990
Snapdragon,vivo,6,64,5000,LCD,1,9,17990
MediaTek,vivo,8,256,4600,AMOLED,1,13,31999
Snapdragon,vivo,3,64,5000,LCD,1,11,8890
Snapdragon,Samsung,4,64,5000,LCD,1,10,8999
Samsung,Samsung,3,16,5000,LCD,1,6,11200
Samsung,Samsung,6,128,5000,LCD,1,12,11799
Samsung,Samsung,4,64,5000,AMOLED,1,8,10599
Samsung,Samsung,3,64,5000,LCD,1,6,11599
Samsung,Samsung,3,32,5000,AMOLED,1,6,25900
Samsung,Samsung,12,256,5000,AMOLED,1,9,34999
MediaTek,vivo,8,128,5000,LCD,1,13,17999
MediaTek,Samsung,4,128,6000,AMOLED,1,14,13999
MediaTek,Infinix,8,256,5000,AMOLED,1,14,15999
MediaTek,Samsung,6,128,6000,AMOLED,1,14,14499
Samsung,Samsung,4,64,5000,AMOLED,1,8,16490
MediaTek,Infinix,12,256,4600,AMOLED,1,14,18999
MediaTek,vivo,3,64,5000,LCD,1,11,13900
Snapdragon,Samsung,8,256,3700,AMOLED,1,12,97999
Samsung,Samsung,6,64,5000,AMOLED,1,7,34000
MediaTek,vivo,4,128,5000,LCD,1,13,11999
Samsung,Samsung,6,128,5000,AMOLED,1,9,15490
Snapdragon,OnePlus,8,256,6800,AMOLED,1,15,31999
Snapdragon,POCO,12,256,7550,AMOLED,1,15,31999
Snapdragon,OPPO,8,128,7000,AMOLED,1,15,17760
Snapdragon,iQOO,8,128,7300,AMOLED,1,15,21998
MediaTek,OPPO,8,256,6000,LCD,1,15,37999
Snapdragon,OnePlus,12,256,5850,LCD,1,15,54998
Snapdragon,iQOO,8,128,6400,AMOLED,1,15,26998
Snapdragon,iQOO,8,128,7000,AMOLED,1,15,31998
MediaTek,OnePlus,8,128,7100,AMOLED,1,15,22999
Snapdragon,realme,6,128,6000,AMOLED,1,15,16989
Snapdragon,OnePlus,8,256,6800,AMOLED,1,15,31999
MediaTek,realme,6,128,6000,LCD,1,15,13999
Snapdragon,realme,8,256,5500,AMOLED,1,14,34199
Snapdragon,POCO,6,128,5160,LCD,1,14,9499
MediaTek,OPPO,8,128,5800,LCD,1,15,17998
Snapdragon,Xiaomi,8,128,5100,AMOLED,1,13,20948
Snapdragon,Xiaomi,4,64,5160,LCD,1,14,9498
MediaTek,realme,8,128,6000,LCD,1,15,18999
MediaTek,realme,8,256,7000,AMOLED,1,15,34998
MediaTek,realme,8,128,6000,LCD,1,15,23979
MediaTek,OPPO,8,128,5600,AMOLED,1,15,33999
Snapdragon,OnePlus,8,128,5500,LCD,1,14,39999
Snapdragon,iQOO,4,128,6000,LCD,1,14,11999
Snapdragon,Xiaomi,12,512,5240,LCD,1,15,64998
MediaTek,POCO,8,256,5000,AMOLED,1,14,19999
MediaTek,OPPO,8,128,5000,AMOLED,1,14,18749
MediaTek,realme,8,128,6000,AMOLED,1,15,15598
Snapdragon,realme,8,128,5200,LCD,1,14,18415
Snapdragon,OnePlus,8,256,6800,AMOLED,1,15,31999
Snapdragon,OnePlus,12,256,5400,LCD,1,14,51997
MediaTek,OPPO,12,256,5800,AMOLED,1,15,49999
Snapdragon,Xiaomi,4,64,5160,LCD,1,14,8499
MediaTek,Xiaomi,6,128,5000,AMOLED,1,13,16999
Snapdragon,POCO,8,256,5000,AMOLED,1,14,25990
Snapdragon,POCO,4,64,5160,LCD,1,14,7689
MediaTek,realme,6,128,6000,LCD,1,14,13790
Snapdragon,POCO,6,128,5030,LCD,1,14,10599
MediaTek,OPPO,6,128,6000,LCD,1,15,15499
MediaTek,realme,4,128,6000,LCD,1,15,11960
MediaTek,OPPO,12,256,5630,LCD,1,15,69999
MediaTek,realme,6,128,6000,LCD,1,15,12998
MediaTek,OPPO,12,256,5000,AMOLED,1,14,31500
MediaTek,OPPO,16,512,5910,LCD,1,15,87999
MediaTek,Xiaomi,8,256,5000,AMOLED,1,13,24999
Snapdragon,iQOO,12,256,5000,AMOLED,1,14,54989
MediaTek,realme,4,128,6000,LCD,1,15,10498
Snapdragon,realme,8,128,5200,LCD,1,14,19804
MediaTek,OPPO,6,128,5100,LCD,1,14,12590
MediaTek,OnePlus,8,128,7100,AMOLED,1,15,22999
Snapdragon,OnePlus,8,128,5000,AMOLED,1,13,39999
MediaTek,realme,6,128,5000,AMOLED,1,14,13999
Snapdragon,OPPO,8,256,7000,AMOLED,1,15,19999
MediaTek,OnePlus,8,128,5000,AMOLED,1,13,20998
Snapdragon,OnePlus,8,128,5000,AMOLED,1,13,23499
MediaTek,realme,4,64,6000,LCD,1,15,10448
Snapdragon,OnePlus,8,128,5000,AMOLED,1,13,38900
Snapdragon,realme,8,128,5200,LCD,1,14,20236
MediaTek,realme,8,128,5000,LCD,1,14,14999
MediaTek,OPPO,8,128,5000,AMOLED,1,14,22400
Snapdragon,OnePlus,8,128,5000,AMOLED,1,12,49999
Snapdragon,iQOO,16,512,6000,AMOLED,1,15,59998
MediaTek,realme,8,128,5000,LCD,1,14,14649
MediaTek,POCO,12,256,6550,AMOLED,1,15,25499
MediaTek,OPPO,4,64,5100,LCD,1,14,10998
Snapdragon,Xiaomi,8,256,4600,AMOLED,1,12,34450
Snapdragon,realme,8,128,5000,AMOLED,1,14,29999
Snapdragon,OnePlus,24,1,6000,AMOLED,1,15,89997
Snapdragon,OnePlus,8,256,6800,AMOLED,1,15,31999
Snapdragon,Xiaomi,12,512,4610,AMOLED,1,14,56949
MediaTek,Xiaomi,6,128,5000,AMOLED,1,12,15999
MediaTek,POCO,8,128,5000,AMOLED,1,13,13890
MediaTek,OPPO,8,128,6000,LCD,1,15,14158
Snapdragon,OnePlus,8,256,5500,AMOLED,1,14,29999
Snapdragon,OnePlus,8,128,4500,AMOLED,1,11,24998
Snapdragon,POCO,8,256,5100,AMOLED,1,13,18799
Snapdragon,iQOO,8,256,6400,AMOLED,1,15,28998
MediaTek,OPPO,8,128,5000,LCD,1,14,19900
Snapdragon,POCO,4,64,5000,LCD,1,13,10999
Snapdragon,Xiaomi,12,512,6200,AMOLED,1,14,33489
MediaTek,OnePlus,8,128,5000,AMOLED,1,12,27500
MediaTek,iQOO,8,256,6000,LCD,1,15,12998
MediaTek,Xiaomi,4,128,5000,LCD,1,13,9889
MediaTek,OPPO,8,128,5100,LCD,1,14,15490
Snapdragon,realme,8,128,5000,AMOLED,1,14,24990
MediaTek,realme,8,128,5000,LCD,1,14,22999
MediaTek,iQOO,4,128,5000,LCD,1,14,10499
Snapdragon,Xiaomi,4,128,5000,LCD,1,13,12999
MediaTek,OnePlus,8,128,7100,AMOLED,1,15,22999
MediaTek,Xiaomi,6,64,5000,LCD,1,11,11499
MediaTek,iQOO,8,128,6500,LCD,1,15,14998
MediaTek,realme,8,128,5000,AMOLED,1,14,19490
Snapdragon,Xiaomi,4,128,5000,AMOLED,1,12,13499
MediaTek,realme,4,128,5000,LCD,1,14,13999
MediaTek,OPPO,12,256,4600,AMOLED,1,14,30900
Snapdragon,POCO,12,512,7550,AMOLED,1,15,33999
Snapdragon,iQOO,8,256,7300,AMOLED,1,15,23998
MediaTek,realme,8,128,5000,AMOLED,1,13,23999
MediaTek,realme,4,128,5000,LCD,1,14,13490
MediaTek,POCO,8,256,5110,AMOLED,1,14,14899
Snapdragon,iQOO,8,128,5000,AMOLED,1,13,35391
Snapdragon,Xiaomi,8,128,5000,AMOLED,1,11,22990
MediaTek,realme,4,64,5000,LCD,1,13,10999
Snapdragon,Xiaomi,12,256,4820,AMOLED,1,13,59990
Snapdragon,iQOO,16,512,5000,AMOLED,1,14,49990
MediaTek,realme,12,256,5000,LCD,1,14,16490
MediaTek,realme,8,256,5000,AMOLED,1,13,27999
MediaTek,OnePlus,8,128,7100,AMOLED,1,15,22999
MediaTek,Xiaomi,4,128,5000,LCD,1,13,9999
Snapdragon,POCO,8,128,5160,LCD,1,14,10498
MediaTek,realme,16,512,7000,AMOLED,1,15,49998
Snapdragon,OPPO,8,128,4500,AMOLED,1,12,20999
MediaTek,Xiaomi,6,64,5000,LCD,1,9,9900
MediaTek,iQOO,8,256,6500,LCD,1,15,16498
MediaTek,Xiaomi,4,64,5000,LCD,1,10,11499
MediaTek,POCO,4,128,5000,LCD,1,13,9299
MediaTek,realme,8,128,5000,AMOLED,1,12,20390
MediaTek,realme,8,128,5000,AMOLED,1,14,20999
MediaTek,realme,4,128,5000,LCD,1,14,10652
MediaTek,OPPO,8,128,5000,LCD,1,13,15999
MediaTek,realme,4,128,5000,AMOLED,1,11,10990
Snapdragon,POCO,12,256,5000,AMOLED,1,14,31999
MediaTek,POCO,4,64,5000,LCD,1,14,6799
Snapdragon,realme,12,256,5500,AMOLED,1,14,31999
Snapdragon,OnePlus,8,256,6800,AMOLED,1,15,31999
Snapdragon,realme,8,256,6000,AMOLED,1,15,18499
Snapdragon,realme,16,512,5800,AMOLED,1,15,54999
Snapdragon,realme,6,128,4300,AMOLED,1,11,20990
Snapdragon,Xiaomi,12,512,4700,AMOLED,1,14,31999
MediaTek,Xiaomi,6,64,5000,AMOLED,1,11,14999
Snapdragon,OPPO,12,256,4700,AMOLED,1,13,44999
Snapdragon,Xiaomi,4,64,5000,LCD,1,9,7999
Snapdragon,OnePlus,16,512,6000,AMOLED,1,15,47997
MediaTek,OPPO,4,128,5000,LCD,1,13,14990
Snapdragon,OPPO,8,128,4800,AMOLED,1,13,38999
MediaTek,OnePlus,8,256,7100,AMOLED,1,15,25999
Snapdragon,POCO,8,128,5030,LCD,1,14,10799
MediaTek,Xiaomi,8,256,4980,AMOLED,1,12,29999
MediaTek,OPPO,8,128,5000,LCD,1,13,18449
Snapdragon,realme,8,256,6000,AMOLED,1,15,20999
Snapdragon,OPPO,4,64,5100,LCD,1,14,8999
Snapdragon,realme,6,128,5000,LCD,1,13,18990
MediaTek,OnePlus,8,128,7100,AMOLED,1,15,22999
Snapdragon,iQOO,6,128,6000,LCD,1,14,13499
Snapdragon,Xiaomi,4,64,5000,LCD,1,9,9399
MediaTek,OPPO,12,512,6200,LCD,1,15,54999
Snapdragon,realme,12,512,5200,LCD,1,14,23999
Snapdragon,Xiaomi,6,128,5000,AMOLED,1,11,20999
MediaTek,realme,6,128,5000,LCD,1,14,16999
MediaTek,Xiaomi,6,128,5080,LCD,1,12,22999
Snapdragon,OnePlus,12,512,5850,LCD,1,15,59998
MediaTek,realme,6,128,5000,LCD,1,14,13999
Snapdragon,OnePlus,8,256,5500,AMOLED,1,14,24998
MediaTek,OPPO,12,512,5000,AMOLED,1,14,33999
MediaTek,Xiaomi,4,128,5000,LCD,1,13,9999
MediaTek,realme,8,256,6000,AMOLED,1,15,17700
MediaTek,realme,8,128,5000,LCD,1,14,13999
Snapdragon,iQOO,12,256,7300,AMOLED,1,15,25998
Snapdragon,Xiaomi,4,64,5000,LCD,1,7,9299
MediaTek,POCO,8,256,5500,AMOLED,1,14,18999
Snapdragon,OPPO,8,256,5000,LCD,1,13,21899
MediaTek,OPPO,6,128,6000,LCD,1,15,13123
MediaTek,OnePlus,8,128,7100,AMOLED,1,15,22999
MediaTek,POCO,6,64,5000,AMOLED,1,11,11990
MediaTek,realme,4,128,5000,LCD,1,14,10750
Snapdragon,iQOO,16,512,7000,AMOLED,1,15,40998
Snapdragon,OnePlus,8,256,5500,AMOLED,1,14,20996
MediaTek,OPPO,12,256,5000,AMOLED,1,14,32222
MediaTek,Xiaomi,6,64,5000,AMOLED,1,11,10999
MediaTek,OPPO,8,256,5000,AMOLED,1,14,20749
Snapdragon,Xiaomi,6,128,5160,LCD,1,14,11498
MediaTek,OPPO,8,256,5000,AMOLED,1,9,20980
MediaTek,iQOO,6,128,6000,LCD,1,15,10998
Snapdragon,Xiaomi,4,64,5000,LCD,1,10,8199
Snapdragon,Xiaomi,8,256,6200,AMOLED,1,14,29999
MediaTek,realme,6,128,6000,LCD,1,15,11498
Snapdragon,Xiaomi,6,128,5160,LCD,1,14,9799
MediaTek,Xiaomi,6,128,5000,AMOLED,1,11,14990
Snapdragon,OnePlus,16,512,6000,AMOLED,1,15,76997
MediaTek,realme,6,128,4500,AMOLED,1,12,22499
MediaTek,realme,8,256,6000,AMOLED,1,15,26999
MediaTek,Xiaomi,6,128,5160,AMOLED,1,11,20900
MediaTek,OnePlus,8,128,7100,AMOLED,1,15,22999
Snapdragon,OnePlus,12,256,6800,AMOLED,1,15,34999
Snapdragon,iQOO,8,128,5160,AMOLED,1,14,31999
MediaTek,realme,12,256,5000,LCD,1,14,22774
Snapdragon,OnePlus,8,256,5000,LCD,1,13,18499
MediaTek,OnePlus,12,256,7100,AMOLED,1,15,28999
Snapdragon,Xiaomi,4,64,5000,AMOLED,1,11,12999
Snapdragon,realme,12,256,5200,LCD,1,14,20943
Snapdragon,POCO,4,128,5160,LCD,1,14,9499
Snapdragon,realme,8,128,4500,AMOLED,1,11,21998
Snapdragon,realme,8,128,6000,AMOLED,1,15,17498
Snapdragon,realme,6,128,5000,AMOLED,1,12,21996
MediaTek,Xiaomi,2,32,5000,LCD,1,10,6749
MediaTek,realme,8,128,5000,LCD,1,13,18999
Snapdragon,realme,8,256,5500,AMOLED,1,14,28990
MediaTek,POCO,12,512,5000,AMOLED,1,14,28999
Snapdragon,Xiaomi,4,128,5160,LCD,1,14,9499
MediaTek,realme,12,256,7000,AMOLED,1,15,37998
MediaTek,POCO,12,256,5000,AMOLED,1,13,15710
Snapdragon,OnePlus,12,512,6800,AMOLED,1,15,37999
MediaTek,OnePlus,8,128,7100,AMOLED,1,15,22999
Snapdragon,realme,12,256,6000,AMOLED,1,15,22999
MediaTek,Xiaomi,3,64,5000,LCD,1,13,9999
MediaTek,realme,8,128,6000,LCD,1,14,15198
Snapdragon,iQOO,4,64,5000,LCD,1,12,12999
MediaTek,POCO,4,128,5000,LCD,1,13,9999
Snapdragon,Xiaomi,4,64,6000,LCD,1,11,9999
MediaTek,OPPO,4,64,5000,LCD,1,12,9599
MediaTek,OPPO,8,128,4350,AMOLED,1,11,27100
MediaTek,realme,4,128,5000,LCD,1,13,11999
Snapdragon,OnePlus,16,256,5500,LCD,1,14,42999
Snapdragon,POCO,6,64,6000,LCD,1,10,8999
MediaTek,iQOO,8,256,5500,AMOLED,1,14,20998
MediaTek,realme,8,256,5000,LCD,1,14,15949
Snapdragon,OnePlus,16,512,5400,LCD,1,14,58728
Snapdragon,POCO,6,128,5000,AMOLED,1,12,16990
MediaTek,realme,4,128,5000,LCD,1,13,12999
MediaTek,OnePlus,8,128,7100,AMOLED,1,15,22999
MediaTek,realme,6,128,6000,LCD,1,15,13399
Snapdragon,realme,12,512,6000,LCD,1,15,36000
MediaTek,realme,8,128,6000,LCD,1,15,13998
MediaTek,Xiaomi,4,64,5000,LCD,1,11,14499
Snapdragon,iQOO,12,256,7000,AMOLED,1,15,35998
Snapdragon,iQOO,8,256,7000,AMOLED,1,15,33998
Snapdragon,Xiaomi,4,64,5000,AMOLED,1,9,9490
Snapdragon,realme,8,256,5200,AMOLED,1,14,23999
MediaTek,OPPO,4,128,5000,LCD,1,13,11690
Snapdragon,POCO,12,256,5000,AMOLED,1,13,21990
Snapdragon,OPPO,8,128,4500,AMOLED,1,12,16999
MediaTek,realme,4,64,5000,LCD,1,11,9950
MediaTek,OPPO,4,64,5000,LCD,1,12,10600
MediaTek,realme,12,256,5000,LCD,1,14,16999
Snapdragon,OnePlus,8,256,5500,LCD,1,14,40999
Snapdragon,realme,6,128,5000,AMOLED,1,12,20990
MediaTek,Xiaomi,4,64,5000,LCD,1,12,9999
Snapdragon,realme,8,256,5200,LCD,1,14,23999
MediaTek,realme,4,128,6000,LCD,1,15,11130
MediaTek,OnePlus,8,128,7100,AMOLED,1,15,22999
Snapdragon,POCO,8,128,4500,AMOLED,1,12,17990
Snapdragon,realme,8,256,6000,LCD,1,15,31999
MediaTek,Xiaomi,8,128,5160,AMOLED,1,11,18990
MediaTek,OPPO,8,128,6000,LCD,1,15,16999
Snapdragon,OPPO,8,128,5000,AMOLED,1,13,16750
MediaTek,realme,3,32,6000,LCD,1,10,7899
MediaTek,OPPO,3,64,5000,LCD,1,12,8280
MediaTek,Xiaomi,2,16,5000,LCD,1,8,5999
Snapdragon,POCO,8,128,5160,LCD,1,11,12390
MediaTek,OPPO,4,64,5000,LCD,1,13,10990
Snapdragon,POCO,12,512,5000,AMOLED,1,14,28990
Snapdragon,realme,12,256,5000,AMOLED,1,12,29499
Snapdragon,iQOO,8,128,4350,AMOLED,1,12,42990
MediaTek,Xiaomi,12,512,5000,AMOLED,1,13,28999
MediaTek,POCO,4,64,5000,LCD,1,12,8990
MediaTek,Xiaomi,8,128,5110,AMOLED,1,14,17999
MediaTek,OPPO,12,512,5800,AMOLED,1,15,54999
Snapdragon,realme,8,256,5000,LCD,1,14,18399
MediaTek,realme,4,64,5000,LCD,1,11,17960
Snapdragon,OnePlus,8,256,6800,AMOLED,1,15,31999
MediaTek,realme,8,128,6000,LCD,1,15,13760
MediaTek,realme,8,128,4500,AMOLED,1,10,29999
MediaTek,OPPO,8,256,5100,LCD,1,14,16450
Snapdragon,OPPO,8,128,5000,LCD,1,11,13999
Snapdragon,OPPO,8,256,6500,AMOLED,1,15,25998
Snapdragon,realme,12,256,5500,AMOLED,1,14,28999
MediaTek,realme,12,256,6000,AMOLED,1,15,26999
MediaTek,POCO,4,64,5000,LCD,1,12,12499
Snapdragon,Xiaomi,4,128,5160,LCD,1,14,10498
MediaTek,Xiaomi,12,256,5000,AMOLED,1,13,17499
Snapdragon,realme,12,512,5200,AMOLED,1,14,26999
MediaTek,POCO,4,64,5000,LCD,1,12,12999
MediaTek,realme,4,64,5000,LCD,1,11,9999
MediaTek,Xiaomi,8,256,5000,AMOLED,1,13,16999
Snapdragon,Xiaomi,4,64,5000,LCD,1,8,8380
Snapdragon,Xiaomi,6,64,5000,AMOLED,1,13,13450
Snapdragon,Xiaomi,2,16,5000,LCD,1,9,6200
Snapdragon,Xiaomi,8,128,4520,AMOLED,1,11,33499
MediaTek,realme,12,256,4500,AMOLED,1,12,27990
MediaTek,OnePlus,8,128,7100,AMOLED,1,15,22999
MediaTek,POCO,3,32,5000,LCD,1,10,6490
MediaTek,OPPO,8,256,6000,AMOLED,1,15,29998
Snapdragon,Xiaomi,6,128,5000,LCD,1,10,19499
MediaTek,OPPO,8,256,5600,AMOLED,1,15,37999
MediaTek,POCO,4,64,5000,LCD,1,13,8499
MediaTek,realme,8,256,5000,AMOLED,1,12,22790
Snapdragon,Xiaomi,6,128,4250,AMOLED,1,11,21899
MediaTek,OPPO,8,256,5100,LCD,1,14,17999
MediaTek,realme,8,256,5000,AMOLED,1,14,15999
MediaTek,OPPO,6,128,5000,LCD,1,13,12990
MediaTek,realme,12,512,7000,AMOLED,1,15,41998
Snapdragon,iQOO,12,256,5160,AMOLED,1,14,35999
Snapdragon,Xiaomi,8,256,5000,LCD,1,13,14499
MediaTek,POCO,6,128,5000,LCD,1,12,8299
MediaTek,Xiaomi,4,64,5000,LCD,1,12,7999
Snapdragon,OPPO,4,128,5100,LCD,1,14,9999
Snapdragon,POCO,6,128,5000,AMOLED,1,11,15990
MediaTek,realme,2,32,5000,LCD,1,10,6900
MediaTek,OnePlus,8,128,7100,AMOLED,1,15,22999
MediaTek,realme,6,128,5000,LCD,1,11,17999
MediaTek,realme,12,256,7000,AMOLED,1,15,42998
MediaTek,realme,12,512,7000,AMOLED,1,15,46998
MediaTek,OnePlus,16,256,5000,AMOLED,1,13,37399
MediaTek,realme,4,64,5000,LCD,1,12,14999
MediaTek,realme,8,256,6000,LCD,1,15,21498
MediaTek,realme,4,64,5000,LCD,1,12,15499
MediaTek,POCO,6,64,5000,LCD,1,10,11290
MediaTek,realme,12,256,6000,LCD,1,15,23498
Snapdragon,Xiaomi,8,128,6000,LCD,1,11,12600
Snapdragon,Xiaomi,4,64,5000,LCD,1,8,12490
Snapdragon,OnePlus,12,256,4500,AMOLED,1,11,27292
Snapdragon,Xiaomi,6,128,5000,LCD,1,10,9935
Snapdragon,realme,8,128,4200,AMOLED,1,10,22990
Snapdragon,Xiaomi,8,256,5000,AMOLED,1,12,16999
Snapdragon,POCO,8,256,5000,AMOLED,1,12,23990
MediaTek,OPPO,4,128,5100,LCD,1,14,12499
Snapdragon,Xiaomi,6,64,5000,AMOLED,1,9,22999
Snapdragon,OnePlus,8,256,6800,AMOLED,1,15,31999
Snapdragon,realme,8,256,5000,AMOLED,1,14,20999
Snapdragon,Xiaomi,12,256,5000,AMOLED,1,11,25990
Snapdragon,Xiaomi,8,128,4250,AMOLED,1,11,13999
MediaTek,realme,8,128,5000,AMOLED,1,12,18999
Snapdragon,POCO,8,128,5000,AMOLED,1,11,15990
Snapdragon,POCO,6,128,5000,LCD,1,13,12700
Snapdragon,Xiaomi,3,32,5000,LCD,1,7,7799
Snapdragon,Xiaomi,6,128,5000,AMOLED,1,12,14999
Snapdragon,Xiaomi,2,32,5000,LCD,1,9,6850
Snapdragon,realme,8,128,5000,LCD,1,13,20499
Snapdragon,POCO,12,512,5100,AMOLED,1,13,24999
MediaTek,POCO,8,128,5000,LCD,1,11,14999
Snapdragon,Xiaomi,3,32,5000,LCD,1,9,7999
Snapdragon,Xiaomi,6,64,5000,LCD,1,8,15295
MediaTek,OnePlus,8,128,7100,AMOLED,1,15,22999
Snapdragon,Xiaomi,6,128,5000,LCD,1,10,10999
Snapdragon,realme,8,256,4200,LCD,1,10,30049
MediaTek,Xiaomi,2,32,5000,LCD,1,8,6399
Snapdragon,Xiaomi,3,32,5000,LCD,1,6,7290
Snapdragon,Xiaomi,6,128,5000,LCD,1,13,12494
MediaTek,Xiaomi,3,32,5000,LCD,1,11,6799
Snapdragon,Xiaomi,1,16,5000,LCD,1,8,5699
MediaTek,POCO,6,128,5000,LCD,1,14,8499
Snapdragon,Xiaomi,6,128,5020,AMOLED,1,11,19999
Snapdragon,realme,8,128,5000,AMOLED,1,12,16999
Snapdragon,realme,12,256,6000,LCD,1,15,34999
MediaTek,POCO,8,256,5000,LCD,1,13,10990
MediaTek,OPPO,4,128,5000,LCD,1,12,10740
MediaTek,realme,8,128,5000,AMOLED,1,14,14999
MediaTek,realme,6,128,5000,LCD,1,14,10999
Snapdragon,iQOO,8,128,4700,AMOLED,1,12,24999
MediaTek,OnePlus,8,128,7100,AMOLED,1,15,22999
MediaTek,realme,12,256,5000,AMOLED,1,13,27999
Snapdragon,Xiaomi,6,128,5000,LCD,1,9,10699
MediaTek,Xiaomi,2,32,5000,LCD,1,12,6999
MediaTek,realme,12,256,4500,AMOLED,1,11,24999
Snapdragon,realme,12,256,4200,LCD,1,10,34999
MediaTek,realme,8,256,5000,AMOLED,1,13,24999
MediaTek,realme,8,256,6000,LCD,1,15,25999
MediaTek,realme,8,256,5000,LCD,1,14,24999
Snapdragon,Xiaomi,6,128,6000,LCD,1,11,10200
Snapdragon,Xiaomi,8,128,4250,AMOLED,1,11,28999
MediaTek,Xiaomi,12,256,4980,AMOLED,1,12,29999
Snapdragon,Xiaomi,3,32,5000,LCD,1,9,8099
MediaTek,OPPO,6,128,5000,LCD,1,13,16390
MediaTek,Xiaomi,6,128,5000,LCD,1,13,8399
MediaTek,Xiaomi,8,256,5000,LCD,1,13,13990
Snapdragon,realme,8,256,5000,AMOLED,1,12,26490
MediaTek,OnePlus,8,128,7100,AMOLED,1,15,22999
Snapdragon,Xiaomi,4,128,5000,LCD,1,10,10999
Snapdragon,POCO,12,256,5100,AMOLED,1,13,23999
MediaTek,POCO,6,128,5000,AMOLED,1,11,13990
MediaTek,POCO,4,64,5000,LCD,1,13,9990
MediaTek,OPPO,4,64,5000,LCD,1,8,11990
MediaTek,Xiaomi,4,64,6000,LCD,1,11,12990
MediaTek,Xiaomi,6,128,5000,AMOLED,1,11,11350
Snapdragon,Xiaomi,4,64,5000,LCD,1,9,9299
MediaTek,Xiaomi,6,128,5000,LCD,1,13,12499
Snapdragon,Xiaomi,6,64,5000,LCD,1,9,11990
Snapdragon,Xiaomi,4,64,5000,LCD,1,9,7299
MediaTek,Xiaomi,6,128,5000,LCD,1,13,11999
Snapdragon,Xiaomi,8,128,5000,AMOLED,1,11,22999
MediaTek,Xiaomi,6,128,5000,AMOLED,1,11,16499
Snapdragon,Xiaomi,6,128,5000,AMOLED,1,9,11999
MediaTek,realme,6,64,4300,LCD,1,10,14999
Snapdragon,iQOO,6,128,5000,LCD,1,12,12990
MediaTek,POCO,6,128,5000,LCD,1,13,8999
MediaTek,POCO,4,64,5000,LCD,1,10,6900
MediaTek,OnePlus,8,128,7100,AMOLED,1,15,22999
Snapdragon,Xiaomi,8,128,5000,LCD,1,10,22990
MediaTek,Xiaomi,3,32,5000,LCD,1,10,10999
Snapdragon,realme,8,128,5000,LCD,1,11,17999
Snapdragon,realme,8,128,4300,AMOLED,1,11,24990
MediaTek,realme,8,128,5000,LCD,1,14,17999
Snapdragon,realme,8,128,4200,LCD,1,10,29999
MediaTek,Xiaomi,6,128,5000,LCD,1,11,11999
MediaTek,realme,8,128,5000,LCD,1,14,15999
MediaTek,realme,6,128,5000,LCD,1,14,12499
MediaTek,POCO,6,128,5000,LCD,1,12,10999
MediaTek,Xiaomi,8,128,5000,LCD,1,11,16999
MediaTek,Xiaomi,6,128,5000,LCD,1,9,11990
MediaTek,Xiaomi,8,128,5000,AMOLED,1,11,20999
Snapdragon,realme,8,128,5000,AMOLED,1,12,31999
MediaTek,realme,8,128,5000,LCD,1,14,12999
MediaTek,OnePlus,8,128,7100,AMOLED,1,15,22999
Snapdragon,Xiaomi,4,64,5000,LCD,1,10,11997
MediaTek,Xiaomi,2,32,5000,LCD,1,10,6400
Snapdragon,Xiaomi,4,64,5000,LCD,1,7,8949
MediaTek,realme,8,128,5000,LCD,1,13,13499
MediaTek,realme,8,128,5000,LCD,1,14,13499
MediaTek,realme,6,128,5000,LCD,1,14,12499
MediaTek,realme,6,128,5000,LCD,1,13,14959
MediaTek,POCO,6,128,5000,LCD,1,12,10990
MediaTek,POCO,4,64,5000,LCD,1,10,7890
MediaTek,Xiaomi,6,128,5000,LCD,1,11,17999
Snapdragon,Xiaomi,3,32,5000,LCD,1,9,6999
MediaTek,OnePlus,8,128,7100,AMOLED,1,15,22999
Snapdragon,realme,4,64,5000,LCD,1,10,9999
Snapdragon,realme,12,256,5000,AMOLED,1,14,22999
MediaTek,realme,8,256,5000,AMOLED,1,14,21999
MediaTek,POCO,6,128,5000,LCD,1,13,9499
MediaTek,POCO,6,128,5000,LCD,1,13,10999
Snapdragon,POCO,4,128,5000,LCD,1,13,11999
MediaTek,POCO,8,128,5000,AMOLED,1,11,21999
MediaTek,Xiaomi,8,128,5000,AMOLED,1,11,17990
MediaTek,Xiaomi,6,128,5000,LCD,1,11,9950
Snapdragon,realme,8,256,5000,AMOLED,1,14,26999
MediaTek,realme,8,128,5000,AMOLED,1,11,14999
MediaTek,realme,6,128,5000,AMOLED,1,11,13750
Snapdragon,OnePlus,8,256,6800,AMOLED,1,15,31999
MediaTek,Xiaomi,3,32,5000,LCD,1,10,7999
Snapdragon,OnePlus,6,128,4500,AMOLED,1,11,20999
Snapdragon,iQOO,8,128,5500,AMOLED,1,14,22999
Snapdragon,OnePlus,8,128,5000,LCD,1,13,14340
Snapdragon,iQOO,8,256,5160,AMOLED,1,14,33999
Snapdragon,OnePlus,8,128,4115,AMOLED,1,10,24790
MediaTek,iQOO,8,128,5000,AMOLED,1,14,17249
MediaTek,OPPO,6,128,5100,LCD,1,14,13999
MediaTek,OnePlus,8,128,4500,AMOLED,1,12,24499
Snapdragon,realme,8,128,5000,LCD,1,14,15999
MediaTek,OPPO,8,256,5000,AMOLED,1,13,27800
MediaTek,OnePlus,6,128,4500,AMOLED,1,11,25999
Snapdragon,realme,8,128,5000,AMOLED,1,12,21999
MediaTek,realme,4,64,5000,LCD,1,14,10499
Snapdragon,OnePlus,8,128,4500,AMOLED,1,11,24999
MediaTek,realme,6,128,5000,AMOLED,1,14,13750
MediaTek,OnePlus,6,128,4500,AMOLED,1,11,18990
Snapdragon,POCO,8,256,5000,AMOLED,1,13,19990
MediaTek,iQOO,8,128,4600,AMOLED,1,13,20550
Snapdragon,iQOO,8,128,4700,AMOLED,1,12,27999
MediaTek,OPPO,8,128,4500,AMOLED,1,12,26999
MediaTek,realme,12,1,5000,AMOLED,1,13,23488
MediaTek,Xiaomi,3,32,5000,LCD,1,8,3000
MediaTek,OPPO,12,256,4500,AMOLED,1,12,25999
Snapdragon,Xiaomi,4,64,5000,AMOLED,1,11,10159
Snapdragon,iQOO,6,128,4500,AMOLED,1,13,14918
Snapdragon,Xiaomi,4,64,5000,LCD,1,10,8490
MediaTek,realme,6,128,5000,AMOLED,1,13,24999
Snapdragon,Xiaomi,6,64,5020,AMOLED,1,11,17638
Snapdragon,Xiaomi,16,512,5000,AMOLED,1,14,99999
Snapdragon,OnePlus,8,128,4500,AMOLED,1,11,29991
Snapdragon,POCO,6,64,5000,LCD,1,8,21999
MediaTek,iQOO,8,128,5000,AMOLED,1,13,27899
MediaTek,OPPO,8,128,4310,AMOLED,1,11,16990
Snapdragon,Xiaomi,6,64,5020,LCD,1,10,14990
Snapdragon,POCO,6,128,5000,AMOLED,1,12,17349
MediaTek,realme,6,64,5000,LCD,1,10,17999
MediaTek,Xiaomi,4,128,5000,LCD,1,10,3500
Snapdragon,POCO,6,128,4500,AMOLED,1,12,15730
Snapdragon,Xiaomi,6,128,5000,AMOLED,1,9,20699
Snapdragon,OnePlus,8,128,4510,AMOLED,1,10,39990
Snapdragon,POCO,6,64,5000,AMOLED,1,11,18999
MediaTek,realme,8,128,5000,AMOLED,1,13,14123
Snapdragon,OnePlus,8,128,4800,AMOLED,1,12,33990
Snapdragon,OnePlus,8,128,3800,AMOLED,1,10,29990
Snapdragon,OnePlus,6,128,4000,AMOLED,1,9,41799
MediaTek,Xiaomi,4,64,5020,LCD,1,10,9896
Snapdragon,OnePlus,16,256,5000,AMOLED,1,13,18000
MediaTek,realme,6,128,5000,LCD,1,13,14999
Snapdragon,POCO,4,64,5000,LCD,1,10,13999
Snapdragon,OnePlus,6,128,4300,AMOLED,1,10,33000
MediaTek,OnePlus,8,128,4500,AMOLED,1,11,15599
MediaTek,OPPO,4,64,5000,LCD,1,8,22990
Snapdragon,OnePlus,8,256,6800,AMOLED,1,15,31999
Snapdragon,realme,4,64,5000,LCD,1,11,11999
Snapdragon,OnePlus,8,128,4500,AMOLED,1,11,34999
Snapdragon,POCO,6,64,6000,LCD,1,10,15999
Snapdragon,Xiaomi,12,256,5100,AMOLED,1,13,22499
Snapdragon,iQOO,8,128,4400,AMOLED,1,11,22990
Snapdragon,Xiaomi,6,128,4250,AMOLED,1,11,19990
Snapdragon,POCO,6,128,5160,LCD,1,11,18999
Snapdragon,OnePlus,16,512,4805,AMOLED,1,13,125000
Snapdragon,OPPO,8,128,4500,AMOLED,1,12,22798
MediaTek,realme,8,128,4500,AMOLED,1,11,23999
Snapdragon,iQOO,4,128,5000,LCD,1,12,13990
Snapdragon,iQOO,8,128,4500,AMOLED,1,12,30990
MediaTek,realme,4,64,5000,AMOLED,1,12,9999
Snapdragon,realme,6,128,5000,LCD,1,12,18809
Snapdragon,iQOO,6,128,4400,LCD,1,11,22990
Snapdragon,realme,6,128,4500,AMOLED,1,10,16140
Snapdragon,OnePlus,6,128,3700,AMOLED,1,9,29990
Snapdragon,realme,6,128,5000,LCD,1,11,15999
Snapdragon,OnePlus,6,128,3700,AMOLED,1,9,30999
Snapdragon,OnePlus,8,256,6800,AMOLED,1,15,31999
Snapdragon,OPPO,6,128,5000,LCD,1,11,13490
Snapdragon,OPPO,6,128,5000,AMOLED,1,11,20990
Snapdragon,OPPO,8,128,4500,AMOLED,1,12,17999
Snapdragon,iQOO,8,128,5000,LCD,1,11,29990
Snapdragon,realme,6,128,4500,AMOLED,1,11,17999
Snapdragon,realme,4,64,5000,AMOLED,1,9,16999
Snapdragon,POCO,6,64,4500,LCD,1,10,14999
Snapdragon,realme,4,64,5000,LCD,1,9,15999
MediaTek,realme,8,128,5000,AMOLED,1,13,21225
MediaTek,realme,4,128,5000,LCD,1,11,16499
MediaTek,realme,2,32,5000,LCD,1,10,7499
MediaTek,Xiaomi,4,64,6000,LCD,1,11,8821
MediaTek,realme,6,64,5000,LCD,1,10,13499
Snapdragon,realme,8,128,5000,AMOLED,1,12,24999
MediaTek,realme,6,128,5000,AMOLED,1,12,19490
Snapdragon,realme,8,128,5000,AMOLED,1,11,22999
MediaTek,Xiaomi,3,64,5000,LCD,1,8,3000
Snapdragon,OnePlus,12,256,5000,AMOLED,1,12,39710
MediaTek,realme,4,64,6000,LCD,1,11,11499
Snapdragon,OnePlus,8,256,6800,AMOLED,1,15,31999
Snapdragon,realme,12,256,5000,LCD,1,14,17998
MediaTek,POCO,6,128,5065,AMOLED,1,11,26999
MediaTek,iQOO,6,128,4500,AMOLED,1,13,21999
MediaTek,Xiaomi,6,64,5000,AMOLED,1,11,9499
Snapdragon,OnePlus,12,256,5000,AMOLED,1,13,23749
Snapdragon,iQOO,8,256,5500,AMOLED,1,14,24927
MediaTek,Xiaomi,4,64,5000,LCD,1,10,3500
MediaTek,Xiaomi,4,64,5020,LCD,1,10,11999
MediaTek,realme,4,64,6000,LCD,1,10,12999
MediaTek,realme,6,128,4310,AMOLED,1,10,21999
Snapdragon,Xiaomi,8,128,5000,LCD,1,10,29999
MediaTek,realme,4,64,4300,LCD,1,10,13000
MediaTek,Xiaomi,4,64,5000,LCD,1,12,7499
Snapdragon,OPPO,6,128,5000,LCD,1,11,20999
MediaTek,OPPO,8,256,4300,AMOLED,1,13,44414
Snapdragon,OPPO,8,128,5000,LCD,1,12,13999
Snapdragon,POCO,12,256,4500,AMOLED,1,12,33999
Snapdragon,realme,4,64,5000,AMOLED,1,9,15999
Snapdragon,realme,6,64,4300,LCD,1,10,16999
MediaTek,OnePlus,8,128,7100,AMOLED,1,15,22999
Snapdragon,realme,3,32,5000,LCD,1,9,8540
Snapdragon,iQOO,6,128,4700,AMOLED,1,12,19999
MediaTek,realme,4,64,5000,LCD,1,11,10499
Snapdragon,Xiaomi,3,32,5000,LCD,1,9,7109
MediaTek,Xiaomi,6,128,4500,AMOLED,1,11,20999
MediaTek,POCO,4,64,5000,LCD,1,11,14499
Snapdragon,Xiaomi,8,128,4780,AMOLED,1,10,54999
Snapdragon,iQOO,8,128,4440,AMOLED,1,10,23999
MediaTek,iQOO,8,256,5000,AMOLED,1,14,17458
Snapdragon,OnePlus,8,256,4085,AMOLED,1,10,33999
MediaTek,OPPO,16,512,5630,LCD,1,15,79999
Snapdragon,OPPO,4,128,5000,LCD,1,9,16845
Snapdragon,realme,4,64,5000,LCD,1,9,14999
MediaTek,OPPO,4,64,5000,LCD,1,11,12990
Snapdragon,OnePlus,16,256,5000,AMOLED,1,13,41840
Snapdragon,Xiaomi,3,32,5000,LCD,1,8,7000
MediaTek,POCO,8,256,5000,LCD,1,13,9999
MediaTek,realme,3,32,5000,LCD,1,9,8999
Snapdragon,Xiaomi,4,64,5000,LCD,1,6,7200
Snapdragon,OnePlus,8,256,6800,AMOLED,1,15,31999
MediaTek,realme,8,128,5000,AMOLED,1,14,14446
MediaTek,OPPO,12,512,5600,AMOLED,1,15,37999
Snapdragon,iQOO,8,128,4500,AMOLED,1,13,15799
Snapdragon,OnePlus,16,1,4805,AMOLED,1,14,149998
MediaTek,realme,6,128,5000,LCD,1,12,15011
MediaTek,realme,2,16,5000,LCD,1,9,6999
Snapdragon,OnePlus,12,256,4115,AMOLED,1,10,21999
Snapdragon,realme,4,64,5000,LCD,1,10,11849
Snapdragon,iQOO,8,128,6000,LCD,1,14,14999
MediaTek,OPPO,8,256,5000,AMOLED,1,14,24999
MediaTek,realme,6,64,4500,LCD,1,10,10990
MediaTek,OnePlus,12,256,4500,AMOLED,1,12,29198
Snapdragon,realme,4,64,5000,LCD,1,9,9590
MediaTek,realme,4,64,5000,LCD,1,13,9188
Snapdragon,realme,4,128,5000,AMOLED,1,9,17999
Snapdragon,iQOO,8,128,4700,AMOLED,1,12,44999
MediaTek,realme,3,32,6000,LCD,1,10,10999
MediaTek,realme,8,128,5000,AMOLED,1,12,12999
MediaTek,OnePlus,8,128,7100,AMOLED,1,15,22999
MediaTek,realme,4,64,5000,LCD,1,11,14999
MediaTek,OnePlus,12,256,5000,AMOLED,1,12,28999
Snapdragon,Xiaomi,8,128,5020,AMOLED,1,11,21299
Snapdragon,realme,8,128,4000,AMOLED,1,9,19899
Snapdragon,realme,4,64,5000,LCD,1,8,13990
Snapdragon,Xiaomi,4,64,5000,LCD,1,7,10999
Snapdragon,OnePlus,12,256,4500,AMOLED,1,11,47999
Snapdragon,iQOO,8,128,4400,LCD,1,11,24990
MediaTek,iQOO,6,128,5000,LCD,1,14,10645
Snapdragon,iQOO,12,256,4700,AMOLED,1,12,52990
MediaTek,POCO,3,32,5000,LCD,1,10,3000
Snapdragon,Xiaomi,3,32,5000,LCD,1,5,7999
Snapdragon,POCO,8,256,5000,LCD,1,13,14999
Snapdragon,OnePlus,12,256,4085,AMOLED,1,10,44990
MediaTek,OPPO,6,128,5000,LCD,1,9,13989
MediaTek,OPPO,3,32,4230,LCD,1,11,8999
MediaTek,realme,3,32,6000,LCD,1,10,9999
Snapdragon,Xiaomi,3,32,5000,LCD,1,8,7490
Snapdragon,OnePlus,12,256,4000,AMOLED,1,9,29999
Snapdragon,OnePlus,8,256,6800,AMOLED,1,15,31999
Snapdragon,Xiaomi,4,64,5000,LCD,1,9,9590
Snapdragon,Xiaomi,4,64,5000,LCD,1,7,12999
Snapdragon,iQOO,16,256,5000,AMOLED,1,13,59990
Snapdragon,iQOO,4,128,5000,AMOLED,1,12,11999
Snapdragon,OnePlus,8,128,5000,LCD,1,12,17990
Snapdragon,POCO,6,128,5000,LCD,1,8,12999
MediaTek,OPPO,4,64,5000,LCD,1,6,20990
MediaTek,OPPO,4,128,5000,LCD,1,13,9499
Snapdragon,realme,3,32,5000,LCD,1,8,7990
Snapdragon,Xiaomi,6,128,5020,AMOLED,1,11,14999
Snapdragon,realme,12,512,5500,AMOLED,1,14,31785
Snapdragon,Xiaomi,2,32,5000,LCD,1,9,4399
Snapdragon,iQOO,12,256,5500,AMOLED,1,14,27849
Snapdragon,iQOO,12,256,4350,AMOLED,1,12,25990
MediaTek,OPPO,4,128,5000,LCD,1,9,16990
MediaTek,realme,8,256,5000,AMOLED,1,14,17289
MediaTek,realme,8,256,5000,AMOLED,1,13,22000
Snapdragon,Xiaomi,6,128,5000,LCD,1,7,37999
MediaTek,OPPO,2,16,5000,LCD,1,7,9990
Snapdragon,OnePlus,8,256,6800,AMOLED,1,15,31999
Snapdragon,OnePlus,12,256,4500,AMOLED,1,11,42500
Snapdragon,OnePlus,12,256,4500,AMOLED,1,11,35499
MediaTek,OnePlus,8,128,4500,AMOLED,1,11,18700
Snapdragon,OnePlus,12,256,4510,AMOLED,1,10,59990
Snapdragon,POCO,8,256,5000,AMOLED,1,12,14499
MediaTek,POCO,8,128,5065,AMOLED,1,11,28999
Snapdragon,iQOO,12,256,4700,AMOLED,1,12,32999
MediaTek,Xiaomi,6,128,5000,LCD,1,12,11998
MediaTek,Xiaomi,4,128,5000,LCD,1,10,10290
Snapdragon,Xiaomi,8,256,5000,AMOLED,1,9,20999
Snapdragon,Xiaomi,8,256,4520,AMOLED,1,11,29980
MediaTek,realme,4,64,5000,LCD,1,10,9999
MediaTek,realme,12,256,5000,AMOLED,1,13,29999
Snapdragon,Xiaomi,2,16,5000,LCD,1,7,5999
Snapdragon,Xiaomi,4,64,5000,LCD,1,7,13990
MediaTek,realme,6,128,5000,LCD,1,11,13499
Snapdragon,Xiaomi,8,128,4520,AMOLED,1,11,19501
Snapdragon,iQOO,8,256,4400,LCD,1,11,22990
Snapdragon,OnePlus,8,256,6800,AMOLED,1,15,31999
Snapdragon,iQOO,8,128,5000,LCD,1,12,17999
Snapdragon,iQOO,12,256,4440,AMOLED,1,10,46990
MediaTek,OPPO,8,256,5000,LCD,1,14,21998
MediaTek,Xiaomi,8,128,4500,AMOLED,1,11,18999
MediaTek,Xiaomi,4,64,5000,LCD,1,10,8299
Snapdragon,Xiaomi,6,128,5000,LCD,1,10,15990
Snapdragon,Xiaomi,6,128,5020,LCD,1,10,17999
MediaTek,realme,6,64,5000,LCD,1,13,8999
Snapdragon,realme,8,128,4500,AMOLED,1,10,19999
MediaTek,realme,8,128,5000,AMOLED,1,13,25999
Snapdragon,realme,8,128,4500,AMOLED,1,11,19999
Snapdragon,realme,8,128,4200,LCD,1,10,27999
Snapdragon,Xiaomi,3,32,5000,LCD,1,7,5999
Snapdragon,realme,3,32,5000,LCD,1,10,10999
MediaTek,realme,4,64,4300,LCD,1,10,14999
Snapdragon,realme,12,256,4000,AMOLED,1,9,35999
Snapdragon,realme,12,512,5200,LCD,1,14,28999
MediaTek,realme,6,128,5000,LCD,1,14,11000
Snapdragon,iQOO,12,256,5000,AMOLED,1,13,33825
MediaTek,OnePlus,8,128,7100,AMOLED,1,15,22999
Snapdragon,POCO,8,256,4500,LCD,1,10,20999
MediaTek,POCO,8,256,5065,AMOLED,1,11,30999
MediaTek,POCO,2,32,5000,LCD,1,12,5299
MediaTek,POCO,3,32,5000,LCD,1,12,5999
Snapdragon,POCO,8,256,5000,LCD,1,8,22500
MediaTek,OnePlus,12,256,4500,AMOLED,1,11,29992
Snapdragon,OnePlus,8,256,3800,AMOLED,1,10,28999
MediaTek,iQOO,12,256,5000,AMOLED,1,13,30390
Snapdragon,iQOO,8,128,5000,AMOLED,1,12,16499
Snapdragon,Xiaomi,6,64,5000,AMOLED,1,11,9499
Snapdragon,Xiaomi,6,128,4820,LCD,1,10,17556
Snapdragon,Xiaomi,6,64,4820,LCD,1,10,18521
Snapdragon,Xiaomi,4,128,5000,LCD,1,10,10999
MediaTek,realme,4,128,5000,LCD,1,10,12999
MediaTek,OPPO,4,128,5000,LCD,1,11,13990
Snapdragon,realme,8,256,4300,AMOLED,1,11,25999
MediaTek,realme,4,64,6000,LCD,1,10,9398
MediaTek,realme,3,32,5000,LCD,1,9,8999
MediaTek,realme,4,64,6000,LCD,1,10,12999
Snapdragon,OnePlus,8,256,6800,AMOLED,1,15,31999
MediaTek,realme,8,256,5000,LCD,1,13,17999
MediaTek,realme,4,128,6000,LCD,1,11,9999
Snapdragon,realme,4,64,5000,LCD,1,9,11999
Snapdragon,realme,2,32,5000,LCD,1,8,8999
MediaTek,Xiaomi,8,128,5000,AMOLED,1,11,13990
Snapdragon,Xiaomi,8,128,5020,LCD,1,10,13999
Snapdragon,Xiaomi,2,32,5000,LCD,1,9,7499
Snapdragon,OnePlus,12,256,4500,AMOLED,1,11,21999
Snapdragon,OnePlus,6,64,4115,AMOLED,1,10,23990
Snapdragon,OnePlus,10,256,3700,AMOLED,1,9,39999
Snapdragon,OnePlus,12,256,4300,AMOLED,1,10,32990
Snapdragon,OnePlus,8,256,4000,AMOLED,1,9,27999
MediaTek,iQOO,8,128,4500,AMOLED,1,13,21999
MediaTek,POCO,6,128,5000,LCD,1,11,16499
Snapdragon,iQOO,12,256,4500,AMOLED,1,12,33899
Snapdragon,iQOO,12,256,4700,AMOLED,1,12,23990
Snapdragon,OnePlus,8,128,4300,AMOLED,1,10,34890
MediaTek,OnePlus,8,128,7100,AMOLED,1,15,22999
MediaTek,POCO,6,128,5000,LCD,1,10,12499
Snapdragon,OnePlus,8,128,4500,AMOLED,1,11,21999
Snapdragon,POCO,6,128,6000,LCD,1,10,12999
Snapdragon,POCO,4,64,6000,LCD,1,10,10999
MediaTek,realme,4,64,6000,LCD,1,11,10999
MediaTek,realme,4,128,6000,LCD,1,10,13999
Snapdragon,realme,8,128,5000,AMOLED,1,9,19999
Snapdragon,realme,8,128,5000,LCD,1,9,14999
Snapdragon,realme,8,128,5000,AMOLED,1,9,20999
MediaTek,Xiaomi,4,64,5000,LCD,1,13,7379
MediaTek,Xiaomi,8,256,5080,LCD,1,12,23999
MediaTek,Xiaomi,8,128,5000,LCD,1,9,14999
Snapdragon,Xiaomi,2,16,5000,LCD,1,5,10999
MediaTek,realme,4,128,6000,LCD,1,11,12499
MediaTek,realme,4,64,6000,LCD,1,11,8999
MediaTek,realme,8,128,4310,AMOLED,1,10,23999
MediaTek,realme,4,64,6000,LCD,1,10,8999
Snapdragon,realme,3,32,6000,LCD,1,10,10999
MediaTek,OnePlus,8,128,7100,AMOLED,1,15,22999
Snapdragon,Xiaomi,3,32,5000,LCD,1,7,5599
Snapdragon,Xiaomi,6,128,5000,AMOLED,1,11,12500
MediaTek,realme,4,64,5000,LCD,1,10,10499
Snapdragon,realme,12,256,4200,AMOLED,1,10,47999
MediaTek,Xiaomi,4,128,5000,LCD,1,13,7200
Snapdragon,realme,12,256,5000,AMOLED,1,12,28999
MediaTek,realme,4,128,6000,LCD,1,11,11999
MediaTek,realme,3,32,5000,LCD,1,10,9999
Snapdragon,realme,6,64,4000,AMOLED,1,9,29999
MediaTek,realme,6,128,5000,LCD,1,13,11925
MediaTek,realme,6,128,4300,LCD,1,10,15999
MediaTek,Xiaomi,8,128,5000,AMOLED,1,12,22499
Snapdragon,Xiaomi,3,32,5000,LCD,1,9,7900
Snapdragon,Xiaomi,3,32,5000,LCD,1,7,9999
Snapdragon,OnePlus,12,256,4800,AMOLED,1,12,35999
Snapdragon,OnePlus,8,128,5000,AMOLED,1,7,37999
MediaTek,OnePlus,12,256,4500,AMOLED,1,11,29992
Snapdragon,iQOO,12,256,4400,AMOLED,1,11,26499
Snapdragon,OnePlus,8,256,6800,AMOLED,1,15,31999
MediaTek,POCO,4,64,5000,LCD,1,10,8499
Snapdragon,iQOO,6,128,5000,AMOLED,1,12,15949
Snapdragon,iQOO,8,256,4400,AMOLED,1,11,25499
Snapdragon,iQOO,8,256,4440,AMOLED,1,10,40990
Snapdragon,POCO,8,128,6000,LCD,1,10,19999
Snapdragon,iQOO,12,256,5000,LCD,1,11,31990
Snapdragon,OnePlus,12,256,4500,AMOLED,1,11,33999
Snapdragon,POCO,6,128,6000,LCD,1,10,17999
MediaTek,realme,8,256,4500,AMOLED,1,12,22999
MediaTek,realme,8,128,5000,LCD,1,11,14999
Snapdragon,realme,8,128,4300,LCD,1,10,15999
Snapdragon,realme,8,128,5000,LCD,1,8,15999
MediaTek,Xiaomi,3,32,5000,LCD,1,12,7799
Snapdragon,Xiaomi,8,128,5020,AMOLED,1,11,18990
MediaTek,Xiaomi,4,128,5020,LCD,1,10,11500
Snapdragon,Xiaomi,4,64,5000,LCD,1,8,8499
MediaTek,OnePlus,8,128,7100,AMOLED,1,15,22999
Snapdragon,Xiaomi,2,16,5000,LCD,1,4,13999
Snapdragon,Xiaomi,6,128,5000,AMOLED,1,13,12499
Snapdragon,Xiaomi,3,32,5000,LCD,1,9,8198
Snapdragon,Xiaomi,4,64,5000,LCD,1,8,8899
Snapdragon,Xiaomi,3,32,5000,LCD,1,6,6999
MediaTek,Xiaomi,6,128,5000,LCD,1,10,9398
MediaTek,Xiaomi,6,128,6000,LCD,1,11,12331
Snapdragon,Xiaomi,4,128,5000,LCD,1,10,10999
MediaTek,Xiaomi,4,128,5020,LCD,1,10,11990
Snapdragon,Xiaomi,3,32,5000,LCD,1,9,6999
Snapdragon,Xiaomi,3,64,5000,LCD,1,9,7999
Snapdragon,Xiaomi,6,128,5000,AMOLED,1,9,17989
Snapdragon,Xiaomi,3,32,5000,LCD,1,7,8468
Snapdragon,Xiaomi,3,16,5000,LCD,1,4,14999
MediaTek,realme,6,128,5000,LCD,1,11,15499
MediaTek,realme,6,128,5000,LCD,1,11,12999
MediaTek,realme,4,64,5000,LCD,1,11,12141
MediaTek,realme,8,128,5000,LCD,1,10,16499
Snapdragon,OnePlus,8,256,6800,AMOLED,1,15,31999
MediaTek,realme,8,128,4500,LCD,1,10,18999
MediaTek,realme,4,64,5000,LCD,1,10,8999
Snapdragon,realme,8,128,5000,LCD,1,12,17999
Snapdragon,realme,12,256,5000,AMOLED,1,11,26999
Snapdragon,realme,8,128,5000,AMOLED,1,9,18999
Snapdragon,realme,4,128,5000,LCD,1,9,10440
Snapdragon,realme,3,32,5000,LCD,1,8,9999
Snapdragon,realme,6,64,5000,LCD,1,8,9891
MediaTek,realme,4,128,5000,LCD,1,14,9870
MediaTek,OnePlus,8,128,7100,AMOLED,1,15,22999
Snapdragon,POCO,6,128,5000,LCD,1,10,16999
Snapdragon,realme,8,128,5000,LCD,1,13,20999
Snapdragon,realme,4,64,6000,LCD,1,10,12999
Snapdragon,OnePlus,8,256,6800,AMOLED,1,15,31999
Snapdragon,realme,4,64,5000,LCD,1,9,11999
MediaTek,realme,4,64,5000,LCD,1,9,12999
Snapdragon,realme,4,128,5000,LCD,1,9,11999
MediaTek,realme,6,128,5000,LCD,1,12,18990
MediaTek,realme,4,128,5000,LCD,1,12,15990
MediaTek,realme,8,128,4300,LCD,1,10,16999
MediaTek,realme,2,32,5000,LCD,1,9,7999
Snapdragon,realme,6,64,5000,LCD,1,9,15999
MediaTek,Xiaomi,6,128,5020,LCD,1,10,12999
MediaTek,OnePlus,8,128,7100,AMOLED,1,15,22999
Snapdragon,OnePlus,8,256,6800,AMOLED,1,15,31999
MediaTek,OPPO,12,256,4500,AMOLED,1,11,29999
Snapdragon,OPPO,4,64,5000,LCD,1,10,9990
MediaTek,OPPO,12,256,6000,LCD,1,15,39999
MediaTek,OPPO,12,512,6000,LCD,1,15,42999
MediaTek,OnePlus,8,128,7100,AMOLED,1,15,22999
MediaTek,OPPO,8,256,4500,AMOLED,1,11,27990
MediaTek,OPPO,12,256,4500,AMOLED,1,11,27990
MediaTek,Xiaomi,8,256,5110,AMOLED,1,14,19999
MediaTek,OPPO,3,32,4230,LCD,1,10,8990
MediaTek,OPPO,8,128,4310,AMOLED,1,11,17999
Snapdragon,OPPO,6,128,5000,AMOLED,1,11,16999
Snapdragon,OPPO,8,256,5000,AMOLED,1,9,26990
MediaTek,iQOO,8,256,4600,AMOLED,1,13,23999
MediaTek,OPPO,4,64,5000,LCD,1,11,9999
Snapdragon,OPPO,3,32,5000,LCD,1,10,6490
MediaTek,OnePlus,8,128,7100,AMOLED,1,15,22999
Snapdragon,Xiaomi,12,512,4700,AMOLED,1,14,48999
Snapdragon,Xiaomi,8,128,5030,LCD,1,14,13500
Snapdragon,iQOO,16,512,5000,AMOLED,1,14,45999
Snapdragon,Xiaomi,2,16,5000,LCD,1,7,4999
MediaTek,OPPO,4,128,4000,AMOLED,1,9,20980
MediaTek,Xiaomi,12,512,5000,AMOLED,1,13,34998
MediaTek,Xiaomi,2,32,5000,LCD,1,13,5499
MediaTek,OnePlus,12,256,4500,AMOLED,1,12,39999
Snapdragon,OnePlus,18,512,5000,AMOLED,1,13,45999
Snapdragon,OPPO,12,256,4200,LCD,1,10,44999
MediaTek,OPPO,6,128,5000,LCD,1,11,12999
Snapdragon,iQOO,12,256,5000,AMOLED,1,14,45999
MediaTek,realme,4,64,5000,LCD,1,8,7990
MediaTek,Xiaomi,2,64,5000,LCD,1,13,8990
MediaTek,OPPO,4,64,4230,LCD,1,11,9999
MediaTek,OnePlus,8,128,7100,AMOLED,1,15,22999
Snapdragon,POCO,8,256,5000,LCD,1,8,18900
MediaTek,realme,6,128,5000,LCD,1,8,12990
MediaTek,OnePlus,8,128,5000,AMOLED,1,12,34999
Snapdragon,POCO,12,256,5000,AMOLED,1,14,37999
MediaTek,Xiaomi,6,128,5000,LCD,1,12,9999
MediaTek,Xiaomi,4,128,5000,LCD,1,12,9499
MediaTek,Xiaomi,6,128,5000,LCD,1,12,10599
MediaTek,OnePlus,8,128,7100,AMOLED,1,15,22999
Snapdragon,OnePlus,8,256,6800,AMOLED,1,15,31999
MediaTek,vivo,12,256,6500,AMOLED,1,15,54999
Snapdragon,vivo,8,128,7300,AMOLED,1,15,21950
MediaTek,vivo,6,128,6500,LCD,1,15,13999
Samsung,Samsung,8,128,4700,AMOLED,1,14,37948
Samsung,Samsung,6,128,5000,AMOLED,1,15,17499
MediaTek,vivo,8,128,5500,AMOLED,1,15,24999
MediaTek,vivo,8,256,5500,AMOLED,1,15,38989
Snapdragon,vivo,8,128,6000,AMOLED,1,15,34999
Samsung,Samsung,8,128,5000,AMOLED,1,14,20160
Samsung,Samsung,8,128,5000,AMOLED,1,15,38999
Snapdragon,Samsung,12,256,3900,AMOLED,1,15,109999
Snapdragon,Samsung,8,128,5000,AMOLED,1,14,15873
Snapdragon,vivo,8,128,5500,AMOLED,1,14,34999
MediaTek,vivo,8,128,5000,AMOLED,1,14,17499
Snapdragon,Samsung,12,256,4400,AMOLED,1,16,174999
Snapdragon,Samsung,8,128,3900,AMOLED,1,13,48999
MediaTek,Samsung,4,128,5000,AMOLED,1,14,11999
Snapdragon,vivo,8,128,5000,AMOLED,1,14,28900
Snapdragon,Samsung,12,256,5000,AMOLED,1,13,78830
MediaTek,Samsung,6,128,6000,AMOLED,1,11,6000
MediaTek,Samsung,6,128,5000,LCD,1,15,9240
Snapdragon,vivo,4,128,6000,LCD,1,14,12499
Samsung,Samsung,8,128,4500,AMOLED,1,13,37433
Snapdragon,vivo,16,512,6000,AMOLED,1,15,149999
MediaTek,Samsung,4,128,6000,AMOLED,1,14,11790
MediaTek,Infinix,8,256,5000,AMOLED,1,14,18999
MediaTek,Samsung,4,64,5000,LCD,1,15,10499
MediaTek,Samsung,4,64,5000,LCD,1,14,6499
Snapdragon,Samsung,12,256,5000,AMOLED,1,12,62990
MediaTek,Infinix,4,128,5000,LCD,1,14,12999
Snapdragon,Samsung,12,256,4900,AMOLED,1,15,99999
Samsung,Samsung,8,128,4500,AMOLED,1,12,34999
Snapdragon,Samsung,8,128,5000,AMOLED,1,14,20990
MediaTek,vivo,8,256,6000,LCD,1,15,12999
MediaTek,vivo,8,256,5000,AMOLED,1,14,34990
MediaTek,vivo,12,256,5000,AMOLED,1,14,51790
Snapdragon,vivo,8,128,5500,AMOLED,1,14,25999
Snapdragon,vivo,8,128,4800,AMOLED,1,13,20499
Snapdragon,Samsung,12,256,4400,AMOLED,1,14,129299
MediaTek,Infinix,8,256,5000,AMOLED,1,14,15999
Snapdragon,vivo,8,256,7300,AMOLED,1,15,23766
MediaTek,Infinix,6,128,5200,LCD,1,15,10499
MediaTek,vivo,8,256,5500,AMOLED,1,15,26999
Samsung,Samsung,4,64,5000,LCD,1,13,11999
Samsung,Samsung,8,128,5000,AMOLED,1,13,25999
Snapdragon,vivo,8,128,4600,AMOLED,1,13,32999
MediaTek,Samsung,8,128,5000,AMOLED,1,14,17990
MediaTek,Infinix,12,256,5000,AMOLED,1,14,25999
Snapdragon,Samsung,8,128,3700,AMOLED,1,12,72999
MediaTek,Samsung,4,64,5000,LCD,1,14,6499
Snapdragon,vivo,8,128,5000,AMOLED,1,13,25899
Snapdragon,Samsung,8,128,5000,AMOLED,1,12,41999
MediaTek,vivo,16,512,5400,AMOLED,1,14,59999
Samsung,Samsung,12,256,4300,AMOLED,1,16,109999
Samsung,Samsung,8,256,4500,AMOLED,1,12,22464
Samsung,Samsung,8,256,6000,AMOLED,1,13,31999
MediaTek,vivo,8,128,4600,AMOLED,1,13,32899
Samsung,Samsung,6,128,6000,AMOLED,1,13,15999
MediaTek,vivo,8,256,6500,LCD,1,15,17793
MediaTek,vivo,8,256,4600,AMOLED,1,13,39999
MediaTek,Infinix,8,256,5000,AMOLED,1,13,20990
MediaTek,vivo,4,128,5000,LCD,1,14,10499
MediaTek,Infinix,8,256,5000,LCD,1,14,19999
MediaTek,Infinix,8,256,5500,AMOLED,1,15,17999
Snapdragon,vivo,8,128,5000,AMOLED,1,14,23999
Snapdragon,vivo,6,128,5000,AMOLED,1,14,19999
MediaTek,Infinix,3,64,5000,LCD,1,14,6499
Samsung,Samsung,6,128,5000,AMOLED,1,12,29500
Snapdragon,Samsung,12,256,4000,AMOLED,1,14,70999
Samsung,Samsung,8,128,6000,AMOLED,1,14,15499
MediaTek,vivo,4,128,5000,LCD,1,13,11999
MediaTek,Samsung,4,128,6000,AMOLED,1,14,13999
Snapdragon,vivo,8,128,5000,AMOLED,1,14,20490
Snapdragon,Samsung,8,128,4500,AMOLED,1,12,42790
Samsung,Samsung,4,128,6000,LCD,1,11,5000
Samsung,Samsung,4,128,6000,LCD,1,13,8999
Snapdragon,Samsung,8,256,5000,AMOLED,1,14,19998
MediaTek,Samsung,6,128,5000,LCD,1,15,10999
MediaTek,vivo,12,512,5500,AMOLED,1,15,41999
MediaTek,Samsung,4,64,5000,LCD,1,14,9999
MediaTek,vivo,8,128,6500,LCD,1,15,14999
MediaTek,vivo,4,128,5000,LCD,1,13,12599
Samsung,Samsung,8,256,5000,AMOLED,1,15,25728
MediaTek,Infinix,8,512,4720,AMOLED,1,14,44999
MediaTek,vivo,8,128,4830,AMOLED,1,12,25999
Samsung,Samsung,8,256,4700,AMOLED,1,14,45999
Snapdragon,vivo,6,128,4700,AMOLED,1,12,15084
Snapdragon,vivo,12,512,6000,AMOLED,1,15,40999
Samsung,Samsung,8,128,5000,AMOLED,1,14,18780
MediaTek,Infinix,8,128,5000,LCD,1,11,12999
MediaTek,vivo,8,256,4810,AMOLED,1,13,53999
Snapdragon,Samsung,4,128,5000,LCD,1,12,14990
Snapdragon,vivo,8,128,6000,LCD,1,14,17499
Snapdragon,vivo,6,128,4500,AMOLED,1,13,15999
Snapdragon,vivo,12,256,7300,AMOLED,1,15,26690
MediaTek,vivo,8,256,5500,AMOLED,1,14,29999
Snapdragon,Samsung,8,256,4700,AMOLED,1,13,94999
MediaTek,vivo,4,64,5000,LCD,1,14,9999
Samsung,Samsung,8,256,5000,AMOLED,1,14,23754
Samsung,Samsung,8,256,6000,AMOLED,1,14,18499
Snapdragon,Samsung,12,128,4000,AMOLED,1,15,74999
MediaTek,Samsung,6,128,5000,AMOLED,1,15,12999
MediaTek,vivo,12,256,5500,AMOLED,1,15,40999
MediaTek,Infinix,12,256,5500,AMOLED,1,15,26999
Snapdragon,Samsung,6,128,5000,LCD,1,13,16890
Samsung,Samsung,8,256,5000,AMOLED,1,14,28999
Snapdragon,vivo,12,256,4700,AMOLED,1,12,59999
MediaTek,Samsung,8,128,5000,AMOLED,1,14,16499
MediaTek,vivo,8,128,4000,AMOLED,1,11,19999
MediaTek,Samsung,6,128,6000,AMOLED,1,14,13999
Samsung,Samsung,8,256,5000,AMOLED,1,15,41999
Samsung,Samsung,4,128,6000,LCD,1,13,11990
MediaTek,Samsung,6,128,5000,AMOLED,1,14,15999
MediaTek,vivo,6,128,6000,LCD,1,15,11459
Snapdragon,Samsung,6,128,5000,AMOLED,1,11,23749
Snapdragon,Samsung,12,512,5000,AMOLED,1,15,129999
MediaTek,Infinix,6,128,5500,AMOLED,1,15,14999
MediaTek,vivo,8,128,4500,AMOLED,1,12,22990
MediaTek,Infinix,12,256,4600,AMOLED,1,14,22999
Snapdragon,Galaxy,12,256,4400,AMOLED,1,13,102222
MediaTek,vivo,12,256,4870,AMOLED,1,13,59980
MediaTek,vivo,4,64,5000,LCD,1,14,14890
Samsung,Samsung,8,128,4000,AMOLED,1,14,43481
MediaTek,Samsung,4,64,6000,AMOLED,1,11,9149
MediaTek,Samsung,8,128,5000,AMOLED,1,14,13499
MediaTek,Infinix,4,128,5000,LCD,1,13,14999
Samsung,Samsung,6,128,5000,AMOLED,1,15,20950
Snapdragon,Samsung,6,128,4500,AMOLED,1,11,30999
MediaTek,vivo,8,128,4500,AMOLED,1,13,17990
MediaTek,vivo,8,128,4500,AMOLED,1,12,42990
Snapdragon,Samsung,8,256,5000,AMOLED,1,15,30999
Snapdragon,vivo,8,256,6000,AMOLED,1,15,36999
Snapdragon,vivo,8,256,5500,AMOLED,1,14,24999
Snapdragon,Samsung,12,512,5000,AMOLED,1,14,119999
Snapdragon,Samsung,12,256,4400,AMOLED,1,12,154999
Samsung,Samsung,8,256,5000,AMOLED,1,15,30999
Snapdragon,Samsung,8,256,4500,AMOLED,1,13,33999
MediaTek,vivo,12,256,5500,AMOLED,1,14,31999
MediaTek,vivo,8,128,4300,AMOLED,1,12,28995
MediaTek,vivo,16,512,6500,AMOLED,1,15,59999
Samsung,Samsung,8,256,5000,AMOLED,1,15,30999
Snapdragon,Samsung,8,128,3300,AMOLED,1,11,44444
Snapdragon,Samsung,8,256,5000,AMOLED,1,14,19980
MediaTek,vivo,8,256,5600,AMOLED,1,15,30999
Samsung,Samsung,12,256,5000,AMOLED,1,14,33999
MediaTek,Samsung,4,64,5000,LCD,1,13,8988
MediaTek,Samsung,4,64,6000,AMOLED,1,11,13399
Snapdragon,Samsung,8,256,4500,AMOLED,1,12,34000
Samsung,Samsung,8,128,5000,AMOLED,1,15,18999
MediaTek,vivo,12,512,5500,AMOLED,1,14,46990
MediaTek,vivo,4,128,5000,LCD,1,14,12999
Samsung,Samsung,8,128,5000,AMOLED,1,15,16499
Snapdragon,vivo,4,128,5000,AMOLED,1,12,13290
MediaTek,vivo,6,128,5500,LCD,1,14,14449
Snapdragon,vivo,8,128,4500,AMOLED,1,13,14999
Snapdragon,vivo,8,256,6500,LCD,1,15,18999
Snapdragon,Samsung,12,1,5000,AMOLED,1,15,153999
MediaTek,Infinix,8,128,5500,LCD,1,15,12010
Samsung,Samsung,6,128,6000,AMOLED,1,13,19999
Samsung,Samsung,8,256,4000,AMOLED,1,16,89999
MediaTek,Samsung,6,128,5000,AMOLED,1,14,12405
Samsung,Samsung,12,256,5000,AMOLED,1,15,44999
Snapdragon,Galaxy,8,256,3700,AMOLED,1,13,64999
MediaTek,Samsung,8,256,5000,AMOLED,1,14,20499
Snapdragon,Samsung,12,256,5000,AMOLED,1,14,25990
Snapdragon,Samsung,12,512,4400,AMOLED,1,16,174999
Samsung,Samsung,8,256,5000,AMOLED,1,15,21999
MediaTek,Infinix,12,256,5000,AMOLED,1,13,17770
MediaTek,Samsung,6,128,4050,LCD,1,14,27208
Snapdragon,Samsung,12,256,5000,AMOLED,1,15,36999
MediaTek,Samsung,6,128,5000,LCD,1,11,18999
MediaTek,Samsung,6,128,5000,LCD,1,15,10999
MediaTek,Infinix,4,64,5000,LCD,1,13,7299
Snapdragon,Samsung,12,256,5000,AMOLED,1,14,26999
MediaTek,Samsung,4,64,5000,LCD,1,10,12649
Samsung,Samsung,4,64,5000,LCD,1,12,10999
MediaTek,vivo,8,128,5000,AMOLED,1,12,19980
Snapdragon,Samsung,8,128,3700,AMOLED,1,12,89999
MediaTek,Samsung,6,128,5000,LCD,1,15,12999
Snapdragon,Samsung,6,128,5000,LCD,1,13,14990
MediaTek,Infinix,12,256,5000,LCD,1,14,13999
Samsung,Samsung,4,64,6000,LCD,1,11,9449
MediaTek,vivo,4,64,5000,LCD,1,12,11999
Snapdragon,Samsung,4,64,5000,LCD,1,13,8999
MediaTek,Infinix,8,128,5000,LCD,1,14,10489
Snapdragon,Samsung,12,512,3900,AMOLED,1,15,121999
MediaTek,vivo,8,256,5500,AMOLED,1,14,28999
MediaTek,vivo,4,128,5500,LCD,1,15,11499
Snapdragon,Samsung,12,512,4000,AMOLED,1,15,92999
MediaTek,Samsung,6,128,6000,AMOLED,1,11,15399
Samsung,Samsung,8,256,5000,AMOLED,1,13,28905
Snapdragon,vivo,8,128,5000,LCD,1,12,13980
Snapdragon,Samsung,12,512,4400,AMOLED,1,14,176999
Snapdragon,Samsung,12,256,4400,AMOLED,1,11,149999
MediaTek,vivo,6,128,5000,LCD,1,13,11994
Samsung,Samsung,8,256,5000,AMOLED,1,14,20155
MediaTek,Samsung,8,128,6000,AMOLED,1,14,15899
MediaTek,vivo,6,128,5500,LCD,1,15,12099
Snapdragon,Samsung,12,512,5000,AMOLED,1,13,134999
MediaTek,vivo,6,128,5000,LCD,1,14,11499
MediaTek,vivo,16,512,5000,AMOLED,1,14,49999
Snapdragon,vivo,8,128,5000,LCD,1,13,21000
Samsung,Samsung,4,64,6000,LCD,1,11,11499
Snapdragon,vivo,6,128,6000,LCD,1,14,13999
MediaTek,Samsung,6,128,5000,AMOLED,1,11,18149
MediaTek,vivo,16,512,5800,AMOLED,1,15,71999
MediaTek,Infinix,4,128,6000,LCD,1,13,12999
Samsung,Samsung,12,512,4300,AMOLED,1,16,109999
Snapdragon,Samsung,12,1,5000,AMOLED,1,14,159999
MediaTek,vivo,4,64,5000,LCD,1,13,7399
Snapdragon,Samsung,12,512,4900,AMOLED,1,15,111999
MediaTek,Samsung,8,128,5000,AMOLED,1,12,25499
Snapdragon,Samsung,3,32,5000,LCD,1,10,12900
Samsung,Samsung,8,256,4500,AMOLED,1,13,45999
MediaTek,Samsung,8,256,5000,AMOLED,1,13,24999
Snapdragon,vivo,12,256,4600,AMOLED,1,13,27499
Samsung,Samsung,12,512,4900,AMOLED,1,14,109999
Samsung,Samsung,8,128,5000,LCD,1,13,17999
MediaTek,vivo,8,256,5000,AMOLED,1,14,18499
MediaTek,vivo,12,256,4810,AMOLED,1,13,48778
Snapdragon,vivo,8,256,4800,AMOLED,1,13,19970
Snapdragon,vivo,8,256,5000,AMOLED,1,13,26990
MediaTek,Samsung,3,32,5000,LCD,1,12,8999
MediaTek,vivo,12,256,4300,AMOLED,1,12,39900
MediaTek,Samsung,8,256,5000,AMOLED,1,14,22499
Snapdragon,vivo,8,256,5000,AMOLED,1,14,22999
MediaTek,Infinix,8,128,5000,LCD,1,12,10990
MediaTek,vivo,6,128,5000,LCD,1,13,12999
Snapdragon,Samsung,8,256,5000,AMOLED,1,14,22590
MediaTek,vivo,3,32,5000,LCD,1,12,9490
Samsung,Samsung,4,64,6000,LCD,1,12,8999
MediaTek,Samsung,8,128,5000,AMOLED,1,13,23990
Snapdragon,Samsung,12,512,4400,AMOLED,1,12,94990
Snapdragon,vivo,8,256,5000,AMOLED,1,14,32900
MediaTek,vivo,8,128,5500,LCD,1,14,16999
Samsung,Samsung,8,128,5000,AMOLED,1,12,28500
Samsung,Samsung,8,128,5000,AMOLED,1,12,35999
MediaTek,Samsung,6,128,5000,AMOLED,1,14,17999
MediaTek,vivo,6,128,5000,LCD,1,14,13999
Snapdragon,Samsung,12,1,5000,AMOLED,1,13,154999
Snapdragon,Samsung,12,1,5000,AMOLED,1,12,134999
Snapdragon,Samsung,6,128,5000,LCD,1,12,15990
Snapdragon,Samsung,12,512,4400,AMOLED,1,11,84880
MediaTek,Infinix,4,64,5000,AMOLED,1,11,11999
Snapdragon,vivo,4,128,5000,LCD,1,12,12999
MediaTek,vivo,4,128,5000,LCD,1,14,11990
MediaTek,vivo,4,64,5000,LCD,1,12,8849
Snapdragon,Samsung,8,128,5000,LCD,1,13,25499
MediaTek,Samsung,4,64,5000,LCD,1,12,8999
MediaTek,Samsung,4,64,5000,LCD,1,12,12999
MediaTek,Samsung,4,128,5000,LCD,1,15,11499
Snapdragon,Samsung,8,256,3900,AMOLED,1,13,79999
Snapdragon,Samsung,3,32,5000,LCD,1,10,6999
Snapdragon,Samsung,4,128,5000,LCD,1,13,9999
Snapdragon,Samsung,8,512,4700,AMOLED,1,13,104999
Snapdragon,vivo,8,128,5000,AMOLED,1,14,19999
MediaTek,vivo,12,512,5000,AMOLED,1,14,39830
Snapdragon,Samsung,8,256,3700,AMOLED,1,12,63490
Samsung,Samsung,8,128,6000,AMOLED,1,13,21999
MediaTek,Infinix,4,64,6000,LCD,1,12,8489
MediaTek,vivo,4,128,5000,LCD,1,12,9390
Snapdragon,vivo,8,256,4500,AMOLED,1,13,16769
MediaTek,vivo,8,256,5500,LCD,1,14,18999
Samsung,Samsung,6,128,6000,LCD,1,13,14999
Snapdragon,vivo,12,512,5500,AMOLED,1,14,42999
MediaTek,vivo,6,128,5000,LCD,1,12,11970
Snapdragon,vivo,8,256,5500,AMOLED,1,14,38990
Snapdragon,vivo,12,256,5000,AMOLED,1,14,32990
MediaTek,vivo,8,128,5000,LCD,1,13,15500
Samsung,Samsung,4,64,5000,LCD,1,13,9999
MediaTek,Samsung,4,64,5000,LCD,1,12,7850
Snapdragon,Samsung,8,128,5000,AMOLED,1,11,25749
Samsung,Samsung,4,64,5000,LCD,1,12,8899
Samsung,Samsung,8,256,6000,AMOLED,1,13,20999
MediaTek,Infinix,8,128,5000,LCD,1,13,8999
Snapdragon,Galaxy,12,512,4400,AMOLED,1,13,109999
MediaTek,Infinix,4,64,5000,LCD,1,12,7999
Samsung,Samsung,4,64,6000,AMOLED,1,11,11399
Samsung,Samsung,6,128,6000,LCD,1,11,10899
MediaTek,Samsung,2,32,5000,LCD,1,10,7999
MediaTek,Samsung,6,128,6000,AMOLED,1,14,15999
Snapdragon,Samsung,6,128,5000,LCD,1,13,11999
MediaTek,vivo,12,256,4600,AMOLED,1,13,38699
Snapdragon,Samsung,8,256,3300,AMOLED,1,11,84999
Snapdragon,Samsung,12,512,4000,AMOLED,1,14,76997
Samsung,Samsung,8,128,6000,AMOLED,1,13,19999
MediaTek,Samsung,2,32,5000,LCD,1,9,8999
Snapdragon,Samsung,8,128,5000,LCD,1,12,17899
MediaTek,vivo,12,256,4500,AMOLED,1,12,28499
MediaTek,vivo,3,64,5000,LCD,1,12,10999
MediaTek,Samsung,6,128,5000,LCD,1,11,14990
MediaTek,Samsung,8,128,5000,LCD,1,11,21999
MediaTek,Samsung,6,128,5000,LCD,1,13,10990
Samsung,Samsung,8,128,6000,LCD,1,12,24999
Snapdragon,Galaxy,8,512,3700,AMOLED,1,13,67900
MediaTek,Samsung,4,64,5000,LCD,1,12,7999
MediaTek,Infinix,4,64,5000,AMOLED,1,12,8890
MediaTek,Infinix,6,128,5000,AMOLED,1,11,14499
MediaTek,vivo,4,128,5000,LCD,1,12,13499
Snapdragon,vivo,8,128,4700,AMOLED,1,12,21999
MediaTek,Samsung,8,128,5000,LCD,1,11,21999
Snapdragon,Samsung,8,128,4500,AMOLED,1,11,32499
MediaTek,Samsung,3,64,5000,LCD,1,12,7499
Samsung,Samsung,8,512,4000,AMOLED,1,14,82999
MediaTek,vivo,12,256,4830,AMOLED,1,12,37499
Snapdragon,vivo,6,128,5000,AMOLED,1,12,14300
Snapdragon,vivo,8,128,4500,AMOLED,1,13,17999
MediaTek,Samsung,8,128,5000,LCD,1,11,20999
Samsung,Samsung,4,128,5000,LCD,1,13,13999
Samsung,Samsung,4,128,5000,LCD,1,12,10150
MediaTek,Samsung,3,32,5000,LCD,1,9,7999
MediaTek,Infinix,8,128,5000,AMOLED,1,12,14999
MediaTek,Infinix,4,64,5000,AMOLED,1,11,12499
MediaTek,Infinix,4,64,5000,LCD,1,11,9999
MediaTek,Samsung,6,128,5000,LCD,1,12,13999
MediaTek,Samsung,4,128,5000,LCD,1,12,9999
MediaTek,Infinix,6,128,5000,AMOLED,1,11,12999
MediaTek,Infinix,4,128,5000,LCD,1,11,11999
MediaTek,Infinix,4,64,5000,LCD,1,11,10999
Samsung,Samsung,4,128,5000,LCD,1,13,13999
MediaTek,Samsung,4,128,5000,LCD,1,10,12649
MediaTek,Samsung,4,128,5000,LCD,1,14,10999
MediaTek,Samsung,4,128,5000,LCD,1,12,8949
MediaTek,Samsung,4,128,5000,LCD,1,12,9999
MediaTek,Samsung,4,64,5000,LCD,1,11,14000
MediaTek,vivo,8,128,5500,AMOLED,1,14,27990
MediaTek,Infinix,8,256,5000,AMOLED,1,14,24999
Snapdragon,Samsung,8,128,4500,AMOLED,1,11,26899
MediaTek,vivo,8,128,4600,AMOLED,1,13,19999
MediaTek,Samsung,6,128,5000,AMOLED,1,13,20799
Samsung,Samsung,12,128,5000,AMOLED,1,10,99990
Samsung,Samsung,12,256,4500,AMOLED,1,10,99900
Samsung,Samsung,12,256,5000,AMOLED,1,11,128999
Samsung,Samsung,8,128,3400,AMOLED,1,9,49999
Snapdragon,vivo,16,512,5700,AMOLED,1,14,159999
Snapdragon,vivo,4,64,5000,LCD,1,10,16990
Samsung,Samsung,6,128,5000,AMOLED,1,12,16999
Samsung,Samsung,8,128,7000,AMOLED,1,11,13999
MediaTek,vivo,8,128,4600,AMOLED,1,13,30899
MediaTek,vivo,8,128,4200,AMOLED,1,12,29900
Samsung,Samsung,6,64,5000,AMOLED,1,10,14925
MediaTek,Infinix,8,256,5000,AMOLED,1,13,20999
Snapdragon,Samsung,6,128,7000,AMOLED,1,10,21649
Samsung,Samsung,6,128,7000,AMOLED,1,11,23999
MediaTek,vivo,8,128,4450,AMOLED,1,11,41230
Snapdragon,vivo,8,128,4000,AMOLED,1,11,27990
Samsung,Samsung,6,128,4000,AMOLED,1,10,25999
MediaTek,Samsung,6,128,5000,AMOLED,1,12,17934
Snapdragon,vivo,4,128,5000,LCD,1,12,15990
Samsung,Samsung,8,128,4800,AMOLED,1,11,63999
Snapdragon,vivo,8,128,5000,AMOLED,1,12,7500
Snapdragon,vivo,8,128,4300,AMOLED,1,11,34990
Samsung,Samsung,4,64,5000,AMOLED,1,9,15899
MediaTek,vivo,4,64,5000,LCD,1,11,10399
Snapdragon,Samsung,8,128,4500,AMOLED,1,11,26439
Snapdragon,Samsung,6,128,4500,AMOLED,1,11,22330
Samsung,Samsung,6,128,6000,LCD,1,12,14990
Samsung,Samsung,8,128,4500,AMOLED,1,10,83000
Snapdragon,Samsung,8,128,4500,AMOLED,1,10,39999
Samsung,Samsung,8,128,4500,AMOLED,1,10,25493
MediaTek,Infinix,12,512,5000,AMOLED,1,14,28999
MediaTek,vivo,4,128,5000,AMOLED,1,9,19990
Samsung,Samsung,4,64,5000,AMOLED,1,10,12999
Snapdragon,Samsung,6,128,5000,LCD,1,12,13765
Samsung,Samsung,8,128,4000,AMOLED,1,16,89999
Snapdragon,Samsung,8,128,4500,AMOLED,1,10,29499
MediaTek,vivo,8,128,4050,AMOLED,1,12,21777
Snapdragon,vivo,12,256,4200,AMOLED,1,11,54990
Samsung,Samsung,6,128,6000,AMOLED,1,10,9499
MediaTek,Infinix,8,256,4500,AMOLED,1,12,36999
Samsung,Samsung,4,64,5000,AMOLED,1,8,62500
Snapdragon,vivo,8,128,5000,AMOLED,1,9,20990
Samsung,Samsung,8,256,4300,AMOLED,1,10,86000
Snapdragon,Samsung,8,128,5000,AMOLED,1,11,34999
Samsung,Samsung,4,64,5000,LCD,1,10,13990
Snapdragon,vivo,8,128,5000,AMOLED,1,10,30990
Samsung,Samsung,6,64,5000,AMOLED,1,8,70000
MediaTek,vivo,8,128,4000,AMOLED,1,11,20831
Snapdragon,vivo,12,256,4500,AMOLED,1,11,53980
MediaTek,vivo,3,32,5000,LCD,1,12,9850
Snapdragon,Samsung,16,1,4400,AMOLED,1,16,216999
Samsung,Samsung,4,64,5000,AMOLED,1,9,18900
Snapdragon,vivo,8,128,4000,AMOLED,1,10,27980
Snapdragon,vivo,4,64,5000,LCD,1,9,15990
Snapdragon,vivo,8,128,5000,AMOLED,1,9,27990
MediaTek,vivo,8,128,5000,AMOLED,1,11,17490
Snapdragon,vivo,8,256,4315,AMOLED,1,10,54990
MediaTek,Samsung,6,128,5000,AMOLED,1,10,16380
Samsung,Samsung,4,128,5000,AMOLED,1,9,21070
MediaTek,vivo,4,64,5000,LCD,1,9,14500
MediaTek,Infinix,8,256,5000,LCD,1,12,19999
Samsung,Samsung,2,16,5000,AMOLED,1,5,8999
MediaTek,vivo,4,32,5000,LCD,1,9,14990
Snapdragon,vivo,8,128,5000,LCD,1,10,19990
Samsung,Samsung,6,64,6000,AMOLED,1,10,12999
Snapdragon,vivo,6,128,5000,AMOLED,1,9,32990
Samsung,Samsung,6,64,5000,AMOLED,1,7,74000
MediaTek,vivo,4,128,5000,LCD,1,9,17990
Snapdragon,Samsung,4,64,5000,AMOLED,1,8,15999
Snapdragon,vivo,12,256,4200,AMOLED,1,11,64690
MediaTek,Samsung,6,128,5000,AMOLED,1,11,21999
Snapdragon,vivo,8,128,5000,AMOLED,1,10,18750
MediaTek,vivo,6,64,5000,LCD,1,9,26990
MediaTek,vivo,4,64,5000,LCD,1,13,9499
Samsung,Samsung,4,128,5000,AMOLED,1,9,13990
MediaTek,vivo,8,128,5000,LCD,1,11,13431
MediaTek,vivo,4,128,5000,LCD,1,10,18990
Snapdragon,vivo,6,64,5000,AMOLED,1,9,19990
Samsung,Samsung,6,128,5000,LCD,1,13,11999
MediaTek,vivo,3,32,5000,LCD,1,8,8689
Samsung,Samsung,1,8,5000,AMOLED,1,5,6374
MediaTek,Samsung,8,128,6000,AMOLED,1,14,14499
MediaTek,Samsung,1,16,5000,LCD,1,10,4999
Snapdragon,vivo,3,32,5000,LCD,1,9,9990
Snapdragon,Samsung,6,128,5000,AMOLED,1,9,30900
MediaTek,vivo,6,128,5000,LCD,1,11,17999
MediaTek,vivo,8,128,5000,LCD,1,11,16140
Snapdragon,vivo,8,128,5000,AMOLED,1,9,27990
MediaTek,vivo,2,16,5000,LCD,1,8,8990
Snapdragon,Samsung,6,128,5000,LCD,1,9,14999
Snapdragon,vivo,8,128,5000,LCD,1,11,18449
Snapdragon,vivo,8,128,5000,LCD,1,11,21990
Samsung,Samsung,4,64,5000,AMOLED,1,7,49990
MediaTek,Infinix,8,128,5000,AMOLED,1,12,18999
Snapdragon,vivo,4,64,5000,LCD,1,12,11999
Snapdragon,vivo,4,64,5000,LCD,1,7,22221
Snapdragon,Samsung,3,32,5000,LCD,1,10,9176
Snapdragon,vivo,6,128,5000,LCD,1,11,20490
MediaTek,vivo,3,32,5000,LCD,1,10,10068
Snapdragon,vivo,3,32,5000,LCD,1,11,10990
Snapdragon,Samsung,12,256,4500,AMOLED,1,10,109999
MediaTek,Samsung,6,128,5000,LCD,1,11,13990
Snapdragon,Samsung,8,128,7000,AMOLED,1,10,26999
Samsung,Samsung,4,64,5000,AMOLED,1,7,53990
MediaTek,Infinix,12,256,5000,AMOLED,1,14,26999
MediaTek,vivo,4,64,5000,LCD,1,14,7149
MediaTek,vivo,8,256,4600,AMOLED,1,13,23999
Snapdragon,vivo,8,128,5000,LCD,1,11,21990
Snapdragon,vivo,4,64,5000,LCD,1,8,23990
MediaTek,Infinix,4,128,6000,LCD,1,13,7799
Snapdragon,vivo,8,128,4200,AMOLED,1,10,28330
Snapdragon,vivo,8,128,5000,LCD,1,11,15999
Samsung,Samsung,4,64,5000,AMOLED,1,8,22300
Samsung,Samsung,6,128,5000,AMOLED,1,10,16499
MediaTek,Infinix,4,64,5000,LCD,1,11,10999
MediaTek,vivo,3,64,5000,LCD,1,9,13990
Samsung,Samsung,4,32,5000,AMOLED,1,6,46000
Snapdragon,Samsung,3,32,5000,LCD,1,9,11999
MediaTek,Samsung,4,32,5000,LCD,1,7,12999
MediaTek,Infinix,6,128,5000,LCD,1,10,13999
Snapdragon,vivo,4,64,5000,LCD,1,8,11890
MediaTek,vivo,6,64,5000,LCD,1,8,24990
MediaTek,vivo,4,64,5000,LCD,1,12,10900
MediaTek,vivo,8,256,4450,AMOLED,1,11,31990
MediaTek,vivo,4,128,5000,LCD,1,14,7759
MediaTek,vivo,2,16,5000,LCD,1,8,7990
Snapdragon,Samsung,8,128,5000,AMOLED,1,9,52000
MediaTek,Samsung,3,32,5000,LCD,1,11,6490
MediaTek,Infinix,6,64,5000,AMOLED,1,12,15999
MediaTek,vivo,4,64,5000,LCD,1,11,12625
MediaTek,vivo,4,32,5000,LCD,1,8,9990
Snapdragon,vivo,4,128,5000,LCD,1,11,13480
Snapdragon,vivo,8,256,5500,AMOLED,1,14,25480
Snapdragon,Samsung,12,512,5000,AMOLED,1,12,84753
MediaTek,Infinix,4,64,5000,LCD,1,9,9999
MediaTek,Infinix,4,64,5000,LCD,1,10,9599
Samsung,Samsung,3,32,5000,LCD,1,6,12999
Snapdragon,Samsung,6,128,5000,AMOLED,1,9,31000
MediaTek,vivo,8,128,5000,LCD,1,13,14999
MediaTek,vivo,8,128,5000,LCD,1,11,15490
MediaTek,vivo,4,128,5000,LCD,1,11,13890
MediaTek,vivo,8,128,5000,LCD,1,14,17999
Samsung,Samsung,6,128,6000,AMOLED,1,10,14499
Samsung,Samsung,3,32,5000,AMOLED,1,8,11500
MediaTek,Samsung,2,32,5000,LCD,1,10,6117
Samsung,Samsung,8,256,5000,AMOLED,1,12,25999
MediaTek,Infinix,4,64,5000,LCD,1,10,14999
MediaTek,Infinix,4,64,5000,LCD,1,12,13208
MediaTek,Infinix,8,128,5000,LCD,1,12,17999
MediaTek,vivo,2,32,5000,LCD,1,11,7999
MediaTek,vivo,12,256,4600,AMOLED,1,13,35999
MediaTek,vivo,12,256,4500,AMOLED,1,12,39999
Snapdragon,vivo,3,32,5000,LCD,1,9,10990
Snapdragon,vivo,2,16,5000,LCD,1,8,9990
Snapdragon,vivo,8,256,4000,AMOLED,1,11,28990
Samsung,Samsung,2,32,5000,LCD,1,9,8700
Snapdragon,Samsung,4,64,5000,LCD,1,8,12999
Snapdragon,Samsung,8,256,3700,AMOLED,1,12,45999
Snapdragon,Samsung,2,8,5000,LCD,1,5,5999
Samsung,Samsung,3,32,5000,AMOLED,1,4,43092
MediaTek,Infinix,8,256,5000,LCD,1,13,15999
MediaTek,Infinix,8,128,6000,LCD,1,13,11999
MediaTek,Infinix,6,64,5000,LCD,1,11,13999
MediaTek,Infinix,4,64,5000,LCD,1,9,8999
MediaTek,vivo,2,32,5000,LCD,1,11,9490
Snapdragon,vivo,8,128,5000,LCD,1,12,19990
Samsung,Samsung,8,128,6000,AMOLED,1,10,20999
Samsung,Samsung,8,512,3400,AMOLED,1,9,92000
Samsung,Samsung,1,8,5000,LCD,1,8,6299
Snapdragon,Samsung,4,64,5000,LCD,1,10,10190
Snapdragon,Samsung,8,128,5000,AMOLED,1,9,30500
MediaTek,Infinix,4,64,5000,LCD,1,10,10499
MediaTek,Infinix,4,64,6000,LCD,1,11,9999
MediaTek,Infinix,2,32,5000,LCD,1,10,6499
MediaTek,Infinix,6,128,5000,LCD,1,12,15321
MediaTek,Infinix,3,32,5000,LCD,1,10,9999
MediaTek,Infinix,4,64,5000,LCD,1,10,11999
Snapdragon,vivo,8,256,5000,AMOLED,1,11,30989
Snapdragon,vivo,8,256,5000,AMOLED,1,10,26990
MediaTek,vivo,4,128,5000,LCD,1,13,15999
Snapdragon,vivo,8,128,5000,AMOLED,1,9,34990
Snapdragon,vivo,8,128,5000,AMOLED,1,11,24990
Snapdragon,vivo,8,128,6000,LCD,1,14,15499
Snapdragon,vivo,4,128,5000,AMOLED,1,9,15990
Snapdragon,vivo,2,16,5000,LCD,1,6,9990
MediaTek,vivo,6,128,5000,LCD,1,13,12850
Samsung,Samsung,1,16,5000,LCD,1,8,6599
Samsung,Samsung,6,64,5000,AMOLED,1,9,24000
Snapdragon,Samsung,2,32,5000,LCD,1,8,9000
Snapdragon,Samsung,8,128,5000,AMOLED,1,11,21999
Samsung,Samsung,4,64,5000,AMOLED,1,8,17999
Snapdragon,Samsung,8,256,5000,AMOLED,1,12,41300
MediaTek,Infinix,3,32,5000,LCD,1,10,8299
MediaTek,Infinix,8,128,4500,LCD,1,10,18999
MediaTek,Infinix,3,32,5000,LCD,1,9,9999
MediaTek,Infinix,3,32,5000,LCD,1,8,6949
MediaTek,Infinix,4,64,5000,AMOLED,1,12,10999
MediaTek,Infinix,4,64,6000,LCD,1,11,9999
MediaTek,Infinix,2,32,5000,LCD,1,9,7999
Snapdragon,Infinix,3,32,5000,LCD,1,8,10999
MediaTek,Infinix,8,256,5000,AMOLED,1,12,16999
MediaTek,Infinix,4,64,5000,LCD,1,10,9499
MediaTek,Infinix,3,64,5000,LCD,1,12,8299
MediaTek,Infinix,4,64,5000,LCD,1,8,16999
Snapdragon,vivo,3,64,5000,LCD,1,10,11674
Snapdragon,vivo,3,64,5000,LCD,1,10,8990
MediaTek,vivo,4,64,5000,LCD,1,8,16990
MediaTek,vivo,3,32,5000,LCD,1,12,9189
Snapdragon,vivo,3,32,5000,LCD,1,8,10990
Snapdragon,vivo,6,128,5000,LCD,1,12,14999
Snapdragon,vivo,6,128,5000,LCD,1,11,19989
Snapdragon,vivo,12,256,4300,AMOLED,1,11,46990
Snapdragon,vivo,6,64,5000,LCD,1,10,17990
MediaTek,vivo,2,32,5000,LCD,1,10,9990
MediaTek,vivo,12,256,4450,AMOLED,1,11,32899
MediaTek,vivo,3,32,5000,LCD,1,10,9490
MediaTek,vivo,2,32,5000,LCD,1,8,9990
Snapdragon,vivo,6,128,5000,AMOLED,1,8,36990
MediaTek,Samsung,4,64,6000,AMOLED,1,12,10999
Samsung,Samsung,4,128,6000,LCD,1,12,10499
Snapdragon,Samsung,6,128,5000,AMOLED,1,11,21450
Snapdragon,Galaxy,12,1,4400,AMOLED,1,13,189999
Samsung,Samsung,4,128,5000,LCD,1,12,13949
Snapdragon,Samsung,2,16,5000,AMOLED,1,7,8200
Samsung,Samsung,6,64,5000,LCD,1,10,10990
Snapdragon,Samsung,3,32,5000,LCD,1,10,7898
MediaTek,Infinix,2,32,5000,LCD,1,11,6999
MediaTek,Infinix,6,64,6000,LCD,1,11,10999
MediaTek,Infinix,4,64,5000,LCD,1,10,11999
MediaTek,Infinix,8,128,5000,LCD,1,11,15999
MediaTek,Infinix,2,32,5000,LCD,1,11,7199
MediaTek,Infinix,8,256,5000,LCD,1,11,16999
MediaTek,Infinix,2,32,5000,LCD,1,10,8999
MediaTek,Infinix,4,64,5000,LCD,1,9,9999
MediaTek,Infinix,4,64,5000,LCD,1,9,10999
MediaTek,Infinix,8,128,4500,AMOLED,1,12,17999
MediaTek,Infinix,2,64,5000,LCD,1,11,7499
MediaTek,Infinix,6,128,5000,LCD,1,11,12499
MediaTek,Infinix,4,64,5000,LCD,1,9,10999
MediaTek,Infinix,4,64,5000,LCD,1,8,12999
MediaTek,Infinix,2,16,5000,LCD,1,8,6999
MediaTek,Infinix,2,32,5000,LCD,1,10,7499
MediaTek,Infinix,3,32,5000,LCD,1,7,7499
MediaTek,Infinix,3,16,5000,LCD,1,6,7499
MediaTek,vivo,6,128,5000,LCD,1,10,18990
Snapdragon,vivo,4,32,5000,LCD,1,8,19990
MediaTek,vivo,12,256,4200,AMOLED,1,12,28990
MediaTek,vivo,4,64,5000,LCD,1,11,13990
Snapdragon,vivo,3,64,5000,LCD,1,11,9999
Snapdragon,vivo,6,128,5000,LCD,1,9,20990
MediaTek,vivo,8,256,4000,AMOLED,1,11,23745
Snapdragon,vivo,8,256,4200,AMOLED,1,10,34990
Snapdragon,vivo,8,128,5000,AMOLED,1,9,24990
MediaTek,vivo,3,64,5000,LCD,1,8,14990
MediaTek,vivo,3,64,5000,LCD,1,12,8899
MediaTek,vivo,3,32,5000,LCD,1,11,9137
MediaTek,Samsung,6,128,5000,LCD,1,10,12998
MediaTek,Samsung,4,32,5000,LCD,1,7,19900
MediaTek,Samsung,8,128,5000,AMOLED,1,11,20989
MediaTek,Samsung,3,32,5000,LCD,1,10,7999
Samsung,Samsung,6,128,5000,LCD,1,10,14990
Samsung,Samsung,8,128,4000,AMOLED,1,10,22499
Samsung,Samsung,8,128,5000,AMOLED,1,10,18325
MediaTek,Samsung,3,32,5000,LCD,1,9,11000
Samsung,Samsung,1,16,5000,LCD,1,9,5900
Samsung,Samsung,4,64,5000,AMOLED,1,8,9999
Snapdragon,Samsung,4,64,5000,LCD,1,10,10788
Samsung,Samsung,6,128,5000,LCD,1,12,10999
Samsung,Samsung,6,128,5000,LCD,1,11,10999
Samsung,Samsung,4,64,5000,LCD,1,11,11970
Samsung,Samsung,6,128,5000,AMOLED,1,10,17499
Samsung,Samsung,6,128,5000,AMOLED,1,10,16590
Snapdragon,Infinix,3,32,5000,LCD,1,8,9999
MediaTek,Infinix,3,32,5000,LCD,1,8,6549
MediaTek,Infinix,6,64,5000,LCD,1,7,17999
Snapdragon,vivo,4,64,5000,LCD,1,9,13990
MediaTek,vivo,3,32,5000,LCD,1,7,14990
Snapdragon,vivo,6,128,5000,LCD,1,12,16990
Snapdragon,vivo,6,64,5000,LCD,1,9,17990
MediaTek,vivo,8,256,4600,AMOLED,1,13,31999
Snapdragon,vivo,3,64,5000,LCD,1,11,8890
Snapdragon,Samsung,4,64,5000,LCD,1,10,8999
Samsung,Samsung,3,16,5000,LCD,1,6,11200
Samsung,Samsung,6,128,5000,LCD,1,12,11799
Samsung,Samsung,4,64,5000,AMOLED,1,8,10599
Samsung,Samsung,3,64,5000,LCD,1,6,11599
Samsung,Samsung,3,32,5000,AMOLED,1,6,25900
Samsung,Samsung,12,256,5000,AMOLED,1,9,34999
MediaTek,vivo,8,128,5000,LCD,1,13,17999
MediaTek,Samsung,4,128,6000,AMOLED,1,14,13999
MediaTek,Infinix,8,256,5000,AMOLED,1,14,15999
MediaTek,Samsung,6,128,6000,AMOLED,1,14,14499
Samsung,Samsung,4,64,5000,AMOLED,1,8,16490
MediaTek,Infinix,12,256,4600,AMOLED,1,14,18999
MediaTek,vivo,3,64,5000,LCD,1,11,13900
Snapdragon,Samsung,8,256,3700,AMOLED,1,12,97999
Samsung,Samsung,6,64,5000,AMOLED,1,7,34000
MediaTek,vivo,4,128,5000,LCD,1,13,11999
Samsung,Samsung,6,128,5000,AMOLED,1,9,15490
